property_id,suburb,postcode,address,sale_price,sale_date,sale_method,property_type,bedrooms,bathrooms,car_spaces,total_rooms,distance_to_cbd_km,condition_rating,has_pool,has_water_view,agent_description,source_url,verified
MOS-001,Mosman,2088,8/88 Avenue Road,730000.0,2026-09-12,privateTreaty,Apartment,1,1,1.0,2,5.09,,0,1,"Embodying a light and airy ambiance, this charming first floor apartment instantly entices with elegant welcoming living and dining zones capturing tranquil leafy outlooks. Ready for instant enjoyment, with potential to personalise or add value, the carefully maintained home reveals a generous bedroom connecting to the sun-bathed balcony offering elevated views towards the city and Harbour Bridge. Embraced in a boutique full brick block of only twelve homes, there are buses to ferries on the doorstep, while it's a short walk to Avenue Road shops, cafes, the heart of Mosman village and many cosmopolitan eateries.   - Enticing living room adjoins dining zone delivering relaxing tree top vistas - Sheltered balcony with Harbour Bridge cameo and view to city lights - Neat electric kitchen and dining with abundant windows providing airflow  - Spacious bedroom provides sizeable built-in robes with access to balcony  - Well-presented timeless bathroom, ceiling fans in both bedroom and living area - Quality secure block with automatic garage, storage unit and tidy shared laundry - Exceptional opportunity for first home buyers and investors in a prime location - Perfect for easy care harbourside lifestyle, a walk to everything you need - Moments to Mosman Bay ferry, Reid Park and picturesque foreshore trails - Quick access to Balmoral Beach lifestyle attractions and fine dining options - Stroll to city bound buses, boutique shopping and all essential amenities  Strata $900 pq approx.  Water $217pq approx.  Council $405pq approx.",https://www.domain.com.au/8-88-avenue-road-mosman-nsw-2088-2021088782,y
MOS-002,Mosman,2088,7/10 Muston Street,750000.0,2026-09-08,privateTreaty,Apartment,1,1,,2,5.29,,0,1,"Basking in a prime north aspect, this beautifully renovated one-bedroom apartment in Mosman offers effortless modern living in a secure, low-maintenance boutique block of twelve. The bright living and dining zone flows to a sun-washed, north-facing balcony, alongside a renovated kitchen and generously sized bedroom with built-in robe and ensuite. It's a short stroll to Mosman village's cafés and boutiques, with Balmoral Beach also close by and Bridgepoint Shopping Centre just minutes away by car.  - Ideally located within a beautifully appointed boutique complex of twelve - Sought-after northerly position ensures all-day natural light throughout - Bright combined living and dining zone opens seamlessly to the outdoors - Generously sized bedroom with built-in robe and freshly renovated ensuite - Renovated kitchen features a stainless-steel gas stove - Sun-washed, north-facing balcony ideal for easy alfresco dining - Handy access to bus services, parklands and sports ovals nearby - Just a few minutes' drive to Bridgepoint Shopping Centre",https://www.domain.com.au/7-10-muston-street-mosman-nsw-2088-2021103679,y
MOS-003,Mosman,2088,3/17 Milner Street,790000.0,2026-08-21,privateTreaty,Apartment,1,1,,2,4.98,,0,1,"Enjoying a highly sought-after location just moments from the heart of Mosman village, this updated apartment delivers an outstanding lifestyle of convenience and low-maintenance living.   Freshly painted throughout and filled with natural light, the home enjoys a peaceful leafy outlook and open plan living and dining, all within easy reach of Mosman's vibrant cafes, eateries, boutique shops and everyday amenities. The generous bedroom features a built-in robe and is complemented by a well-presented ensuite bathroom with a combined bath and shower. The kitchen offers excellent storage and blends classic character with modern functionality, featuring timber benchtops, a statement farmhouse sink and a gourmet gas cooktop. Additional features include a gas bayonet for heating, stylish timber-look flooring, shared laundry facilities and secure intercom access.   Ideal for first home buyers, investors and busy professionals seeking a lock-and-leave lifestyle, the apartment is positioned just a 5-minute level stroll to Mosman village and within easy reach of direct city buses, ferry services and Balmoral Beach. Residents also enjoy access to a communal garden retreat with established greenery and outdoor seating, while all-day street parking directly out the front further enhances the appeal of this exceptional lifestyle home.",https://www.domain.com.au/3-17-milner-street-mosman-nsw-2088-2020939863,y
MOS-004,Mosman,2088,14/669 Military Road,1600000.0,2026-08-12,privateTreaty,Apartment,2,1,1.0,3,5.65,,0,1,"The essence of sophistication, this beautiful full brick apartment showcases timeless modern interiors with mesmerising harbour panoramas spanning over to Manly and beyond to the ocean's edge. Basking in its premier north east facing aspect, the considered light washed design delivers elegant living zones extending to a spacious balcony, while the communal rooftop terrace promises spectacular entertaining with a breathtaking backdrop. Set in the heart of cosmopolitan Mosman village, it's a moments' walk to many cafes, restaurants, shops, boutiques and city buses, plus a stroll down to iconic Balmoral Beach.  • Graceful living and dining rooms are bathed in easterly sunshine • Covered balcony with gorgeous views for relaxed alfresco dining • Quality gas and stone kitchen boasts Ilve and Bosch appliances • Inviting double bedrooms have carpets and built-in wardrobes • Pristine classic bathroom features a bath tub and separate shower • Rooftop terrace captures incredible views sweeping to North Head • Secure block with intercom, lift access to underground car space • Immaculately presented, set in sought after 'Bella Vista Tower' • Stroll to Bridgepoint shops and a walk to Balmoral fine dining • Steps to Allan Border Oval, moments to parks and foreshore walks  Disclaimer: All property information provided is deemed reliable but not guaranteed. Buyers are advised to verify all details independently.",https://www.domain.com.au/14-669-military-road-mosman-nsw-2088-2020960999,y
MOS-005,Mosman,2088,9/71 Avenue Road,700000.0,2026-08-10,privateTreaty,Apartment,1,1,1.0,2,4.79,,0,1,"Privately set back from the street in a boutique block, this peaceful first floor apartment reveals welcoming interiors with a light infused ambience and wide picture windows enhancing elevated outlooks sweeping to the North Sydney skyline. Ready for instant enjoyment, the peaceful haven promises an easy care lifestyle of comfort and unmatched convenience in an exclusive harbourside pocket. Its premier position is a moments' walk to Avenue Road shops and cafes, while a leisurely stroll to Mosman Bay ferry and foreshore.  - Airy combined living and dining zones capture an elevated outlook - Skyline views for a sparkling night light show and relaxing atmosphere - Neat bright kitchen with electric cooktop and newly painted interiors - Tranquil spacious bedroom provides mirrored built-in wardrobes - Classic bathroom with combined bath tub/shower, shared laundry - Lock-up garage with optional mezzanine level plus its own storeroom - Well presented to move straight in, walk-to-everywhere location - Footsteps to buses, moments to Mosman village eateries and amenities - Moments to scenic reserves, idyllic foreshore trails and harbour beaches - Minutes away to iconic Balmoral Beach attractions and fine dining options",https://www.domain.com.au/9-71-avenue-road-mosman-nsw-2088-2021004400,y
MOS-006,Mosman,2088,6/139-153 Middle Head Road,2558000.0,2026-08-13,privateTreaty,Apartment,3,2,2.0,5,5.25,,0,1,"Perfectly positioned in the heart of Mosman Village, just moments from vibrant cafés, acclaimed restaurants, boutique shopping and everyday conveniences, this newly renovated three-bedroom apartment offers the rare combination of an ultra-convenient lifestyle with exceptional peace and privacy.  Showcasing sophisticated contemporary design, the apartment features lift access from the secure double garage, while the spacious living area and all three bedrooms flow seamlessly onto a sun-drenched balcony. A prized north-east aspect bathes the home in natural light throughout the day, complemented by two generously proportioned bathrooms and a thoughtfully designed floor plan.  Finished to a luxurious standard, this low-maintenance residence in the highly sought-after Mosman Mews showcases premium finishes and effortless contemporary living. An outstanding opportunity for young families, professionals, investors and downsizers seeking a quality home in one of Mosman's most desirable locations.  Enjoy an enviable lifestyle within easy walking distance of Balmoral Beach, Taronga Zoo, Mosman Village, local parks, ferry services and city buses. The property is located within the highly sought-after catchment for Mosman Public School and Mosman High School, and is also close to prestigious private schools including Queenwood, Mosman Preparatory School and Redlands.  Approximate Areas Internal: 98 sqm Secure storage: 12 sqm Double secure basement parking: 31 sqm Total area on title: 150 sqm",https://www.domain.com.au/6-139-153-middle-head-road-mosman-nsw-2088-2021035788,y
MOS-007,Mosman,2088,5 Botanic Road,8700000.0,2026-07-22,privateTreaty,House,4,3,2.0,7,5.68,,1,1,"Just a short and level stroll to the sand of Balmoral Beach and set in the most private and tranquil setting, this innovative easy-care residence captures contemporary family living at its finest. Architect designed and benefitted by a wide 20m frontage, generous living and dining areas open seamlessly onto a spacious and private entertaining terrace overlooking the lap pool and landscaped gardens.   Full-brick construction and with 'smart home' technology throughout, the residence offers a superbly styled home with true balance and harmony. Filled with light, peace, and bespoke joinery, every opportunity has been taken to create a unique beach house of rare quality.   There are four spacious bedrooms on the top level, including a wonderful master retreat. Three separate living areas provide wonderful separation for the entire family, and internal access from the large double LUG is ideal.   This easy-care residence is idyllically located in its cul-de-sac location and totally private from the street. It's so convenient to Mosman schools and Mosman village with restaurants, cafes and bus transport at the end of the street.  FEATURES:  - Functional interiors form a selection of vast living zones - Extensive glass creates seamless indoor/outdoor interaction - Travertine alfresco setting leads to lawns and heated lap pool - Caesarstone gas kitchen with Miele appliances, island bench - Four large bedrooms equipped with built-in wardrobes,  - Intuitively crafted master bedroom with ensuite and built-ins - Full contemporary bathroom showcases premium quality fittings - Separate and large children's rumpus room, Clipsal C-Bus, outdoor shower - Double lock-up garage, internal entry, and air conditioning - Walking distance to numerous parks, cafes and restaurants",https://www.domain.com.au/5-botanic-road-mosman-nsw-2088-2020579143,y
MOS-008,Mosman,2088,10/16 Avenue Road,892000.0,2026-07-20,privateTreaty,Apartment,2,1,,3,4.66,,0,0,"Enjoying a prized tranquil location and boasting a beautiful renovation, this luxurious apartment enjoys convenience at your doorstep.  Situated in a meticulously maintained low rise security building just moments from all that Mosman has to offer this is a rare find for first home buyers and investors alike.  Features include:   Well maintained low rise complex   Whisper quiet, tranquil leafy surrounds   Spacious living area flowing to private covered balcony   Renovated kitchen with updated appliances   Large bathroom with internal laundry facilities   Two queen sized bedrooms, both with built-ins  Convenient location only a short stroll to ferry, CBD bus, shops and cafes  Strata levies: $1495/qtr Council rates: $402/qtr Water rates: $199/qtr",https://www.domain.com.au/10-16-avenue-road-mosman-nsw-2088-2020659268,y
MOS-009,Mosman,2088,23 Dalton Road,2900000.0,2026-07-21,privateTreaty,SemiDetached,3,2,1.0,5,6.07,,0,1,"Behind its elegant façade, this double-brick Federation home reveals an inviting family design where timeless character and thoughtful modernisation sit comfortably side by side. Peacefully positioned in a quiet cul-de-sac, it offers a private and tranquil setting while remaining close to everyday conveniences. Ornate ceilings, picture rails and hardwood floors bring elegance and personality, while the rear living zone rises beneath a cathedral ceiling and opens to a north-facing terrace designed for private alfresco dining, overlooking the garden below. The layout offers distinct living and dining areas and three generous bedrooms, including one with direct garden access, while dual street access at the rear adds further ease. Perfect location just 800 metres from Bridgepoint shopping centre and city buses, Balmoral Beach a 10 minute stroll and the vibrant heart of Mosman Village close by, creates a highly convenient home in one of the Lower North Shore's most desirable lifestyle pockets.  Features:  - Federation double-brick home with thoughtful modern updates  - Sunny north-facing entertainer's terrace and private level garden  - Light-drenched spacious living zone with cathedral ceilings - Immaculate shaker-style kitchen with marble island, gas cooking - Separate dining with gas fire and exquisite high ornate ceilings - Three bedrooms, one with window seat, two with built-in robes - Lower-level bedroom opens to garden, two stylish bathrooms - Separate retreat/study, laundry and garden shed lower level - Thoughtfully updated throughout, plantation shutters, air-con - Dual street access enhances convenience in this central setting - Close to Military Road shops, restaurants and city bus services - Short stroll to Mosman Village, Balmoral Beach, elite schools",https://www.domain.com.au/23-dalton-road-mosman-nsw-2088-2020863204,y
MOS-010,Mosman,2088,3/6 Brierley Street,975000.0,2026-08-04,privateTreaty,Apartment,2,1,,3,4.47,,0,1,"Tucked away in the boutique 'Carmel' block, this charming apartment presents an effortless blend of its original period refinement with stylish modern enhancements. Of blissful convenience, it's a stroll to Spofforth Street shops, eateries and city buses.  - Corner position in adorable secure block of four apartments - Inviting living and dining room features high ornate ceilings - Modern galley kitchen, Miele appliances and integrated laundry - Rear steps down to lovely communal garden/entertaining area - Beautiful generous bedrooms both feature built-in wardrobes - Elegantly renovated bathroom has rain shower and stone floors - Modern floorboards, picture rails and light infused ambiance - Located in quiet tree lined street, walk to Mosman Bay ferry - Central to both Mosman and Cremorne village shops and dining - Moments to Balmoral and Harbour foreshore walks",https://www.domain.com.au/3-6-brierley-street-mosman-nsw-2088-2020876627,y
MOS-011,Mosman,2088,7/154 Raglan Street,785000.0,2026-07-14,privateTreaty,Apartment,1,1,1.0,2,4.98,,0,1,"Positioned privately on the top floor within a double brick complex, this newly renovated one-bedroom apartment delivers an abundance of natural light with a refined blend of space and low-maintenance living.  Recently refreshed throughout, the property features new kitchen with stone benchtops, dishwasher, induction cooktop, with ample storage offering both functionality and modern appeal. New timber flooring, paint, blinds & light fittings enhance its light-filled and contemporary presentation. The layout offers Spacious combined living and dining providing comfort and functionality.  The generously proportioned bedroom is complemented by a well-kept bathroom, while the living space flows to a private balcony with leafy outlook, creating a relaxed outdoor area. Further enhancing the appeal is a secure lock-up garage on a separate title.  An excellent opportunity for owner-occupiers or investors alike, this residence presents a quality, move-in ready offering within a well-maintained double brick building in a highly accessible setting.  You will love: - Renovated kitchen - New Timber Flooring  - Freshly Painted - Oversized one-bedroom layout - Spacious combined living and dining  - Private balcony with leafy outlook - Secure lock-up garage on separate title   Close proximity: - 400m from Mosman Village  - 300m to Buses to CBD, North Sydney & surrounds - 5 min drive to Balmoral Beach  - 5 min drive to Mosman Bay Wharf",https://www.domain.com.au/7-154-raglan-street-mosman-nsw-2088-2020899047,y
MOS-012,Mosman,2088,4/3 Millett Road,1050000.0,2026-07-16,privateTreaty,Apartment,2,1,1.0,3,4.62,,0,1,"Tucked away in a leafy, private setting, this beautifully renovated two-bedroom apartment offers a serene lifestyle retreat just moments from Mosman Bay Wharf and Avenue Road cafes. The peaceful surroundings create an almost rainforest-like atmosphere, while ferry access to the city is conveniently positioned at the end of Avenue Road.  Immaculately presented throughout, this ground-floor apartment was fully renovated in 2023. Fresh, modern and ready to enjoy, the home features a new kitchen, renovated bathroom and new wood effect, laminate floorboards, creating an easy, low-maintenance lifestyle just moments from Mosman's most desirable harbourside pockets.  Designed for everyday comfort and practicality, the apartment includes an internal laundry (shared laundry facilities also available) and a gas hot-water system. Both bedrooms also feature newly installed Daikin air conditioning, offering a valuable point of difference within the block.  Set within a boutique block, the apartment enjoys a tranquil, verdant outlook and the convenience of a covered carport. It presents an exceptional opportunity for first-home buyers, downsizers, and investors seeking a move-in-ready property close to Mosman village, local cafes and restaurants, waterfront reserves, parks, beaches, and city transport.",https://www.domain.com.au/4-3-millett-road-mosman-nsw-2088-2020912133,y
MOS-013,Mosman,2088,11/23 Warringah Road,865000.0,2026-07-31,privateTreaty,Apartment,1,1,1.0,2,6.57,,0,1,"Holding a prized position in a boutique security building, this renovated apartment captures stunning north-east views across Chinamans Beach to Clontarf. Bathed in natural light, the spacious living and dining areas flow effortlessly to the outlook, creating a peaceful coastal retreat.  Quietly positioned yet only moments from Spit Junction, Balmoral and Chinamans Beach, with easy access to transport, this is an outstanding opportunity to enjoy the best of the Lower North Shore lifestyle.  * Stylish gas kitchen with dishwasher and generous storage * Sunlit open plan living and dining with dedicated study nook * Spacious queen-sized bedroom with floor-to-ceiling mirrored robes * Beautifully updated bathroom, Internal laundry  * Motorised blinds, ceiling fans and fresh modern finishes throughout * Undercover parking space plus additional storage  Apartment 49.3sqm   Strata $1,576pq approx.  Council $391pq approx.  Water $202pq approx.",https://www.domain.com.au/11-23-warringah-road-mosman-nsw-2088-2020984830,y
MOS-014,Mosman,2088,2/81A Glover Street,1440000.0,2026-06-25,privateTreaty,Apartment,2,2,1.0,4,5.0,,0,0,"Boasting an enviable lifestyle location embracing Mosman and Cremorne, this superb ground floor apartment offering 195sqm on title presents a wonderful opportunity for a range of savvy buyers.   It's perfectly situated within a peaceful, secure building and features its own private street entrance via beautifully manicured gardens. Delivering an instant sense of space, the expansive living room flows through to a tidy modern kitchen with stone benchtops, gas cooking and a breakfast bar. There's a family bathroom with a dual vanity, bathtub and shower, plus two sizeable bedrooms, including a master with a walk-in robe and ensuite. Complementing the welcoming interiors is a covered alfresco area and a large wraparound courtyard, providing the ideal space to relax or entertain.   Additional highlights include ducted heating and cooling throughout, a secure parking space and storage room with convenient lift access, a video intercom system and an internal laundry. This outstanding property is just a 200m walk to Cremorne Shopping Village, express city buses and a host of vibrant cafes and restaurants.",https://www.domain.com.au/2-81a-glover-street-mosman-nsw-2088-2020759512,y
MOS-015,Mosman,2088,17 Avenue Road,5450000.0,2026-06-19,privateTreaty,House,5,3,2.0,8,4.31,,0,0,,https://www.domain.com.au/17-avenue-road-mosman-nsw-2088-2020786599,y
MOS-016,Mosman,2088,21 Morella Road,11650000.0,2026-07-01,privateTreaty,House,4,4,2.0,8,5.02,,0,0,"At the peak of new Mosman luxury, the c1950s 'El Mirasol' is a flawlessly renovated designer residence overlooking Chowder Bay from its prestigious Clifton Gardens location. Illuminated by a prized north east aspect, striking interiors showcase a bespoke fusion of contemporary design, Hollywood Glamour and Neo Deco while basking in world class views of the bay. Entry via a custom pivot door reveals a vast open living/dining space with full height stacking glass extending the home's footprint onto a sunlit entertainers' terrace. The sensational open kitchen is fitted with luxury appliances and a fully equipped butlers' pantry to ensure effortless hosting, while decadent bedrooms including a palatial main bedroom suite reside on the ground floor for wonderful privacy.   There are four designer bathrooms and one powder room of breathtaking inspiration plus ducted air conditioning, a fireplace and internal entry to a double lock-up garage. With direct secure access to Clifton Gardens and Chowder Bay, this palatial residence offers a world class lifestyle experience in a prestigious harbourside location. Its tranquil setting is just moments to Mosman Village, Bradleys Head walking trails and local buses.  - Innovative dual level design creates open living/dining space plus ground floor media/lounge/home office - Meticulously curated interiors echo the adjoining bay's curves, natural elements and glistening radiance - Sunlit entertainers' terrace with outdoor barbecue kitchen for an incredible outdoor dining experience - Decadent bedrooms appointed with luxurious finishes and custom built-ins, two offer access to second deck - Palatial main bedroom indulges in walk-in wardrobe, glamorous ensuite and idyllic bay view deck access - Inspired main bathroom evokes Hollywood Glam with freestanding mirror bath and frameless glass rainshower - Signorino supplied Honed Terrazzo flooring (Bianco Neve), custom joinery throughout - Level easycare lawns with meandering landscaped garden path for direct and secure access to Chowder Bay - Full height marble feature wall with fireplace, ducted air conditioning, designer lighting, internal access to garage - Prized harbourside location in one of Sydney's most exclusive suburbs, close to schools, village life and transport  A paradise for executive families or couples seeking world class designer luxury in a prestigious harbourside setting.",https://www.domain.com.au/21-morella-road-mosman-nsw-2088-2020801931,y
MOS-017,Mosman,2088,5 Central Avenue,6399000.0,2026-06-19,privateTreaty,House,5,4,2.0,9,6.86,,0,0,"Embracing its due north aspect in style, this newly and holistically renovated family home proudly sits upon a beautifully landscaped 607sqm landholding with resort style swimming pool and child friendly gardens.   Combining soft neutrals and organic forms, the chic interiors are finished in a textured materials palette superbly contrasting against sleek walls of strategic glass. Re-imagined to create a sunlit designer haven, an innovative internal courtyard filters northern sun into the separate lounge room. A sculptural staircase artfully rests within the entry alongside the entertainer's dining room with feature sandstone fireplace. Centred around a curved island bench, the modern shaker kitchen cabinetry is topped in a textured porcelain benchtop. Fitted with a selection of high-end Miele and Smeg appliances, the kitchen has also been integrated with a Liebherr French Door refrigerator and a Vintec wine fridge.  Set alight by northern sun, the primary living room connects to a full-length entertainer's terrace overlooking the pool. Clever timber screening next to custom joinery adds both interest and warmth. Mirroring the timber screening upstairs in the master bedroom for cohesion, the master connects to a boutique style walk-in robe and a six-star ensuite bathroom. Luxe tiling choices and bronze tapware personalise each of the bathrooms. Three more generous bedrooms are placed upstairs alongside an upper-level TV room, a guest room with access to a full bathroom is located on the living level.  Poolside, the lower level offers a music room or rumpus room, vast storage options, a family friendly laundry with laundry chute and fourth bathroom. An undercover terrace sits just off the pool area with stairs leading down to a garden patio, perfect to relax year-round.   A striking addition to the wide family friendly streetscape with an oversized double garage and landscaped front courtyard, discover the endless appeal of Beauty Point with its easy access, just 400m from local schools and 100m bus transport with connection to Spit Junction.  • Paved forecourt with low-maintenance gardens • Timber front door with convenient keyless entry • Japanese maple centrepiece in internal courtyard • Fixed glass walls in the lounge and living rooms • Coffered ceiling and custom joinery in dining room • Wall to wall built-in low-line joinery in living room  • French doors and sliding doors open to terrace • Textured porcelain tops neutral kitchen joinery • White Smeg gas cooker and Miele steam oven • Integrated Miele dishwasher, Smeg microwave • Built-in Liebherr refrigerator, Vintec wine fridge • Sleek built-in robes in all bedrooms, roller blinds • Balcony off bedroom two with harbour views • District views from master bed, WIR and ensuite • Wet room style bathroom with freestanding bath • Soft tones unite the bathrooms, oak vanities • Music room/rumpus downstairs, TV room upstairs • Undercover poolside terrace, subfloor storage • Combined laundry (with chute) and 4th bathroom • Pool enclosed by glass balustrading, mosaic tiles • Backyard oasis, lawns for play and trampolines • Ducted reverse-cycle air-conditioning, storerooms • Undercover access to front door from double garage • 100m to local bus stop, 500m to Spit Road buses • 400m to popular Beauty Point Public School • 800m to Chinamans Beach and Rosherville Reserve  * All information contained herein is gathered from sources we consider to be reliable, however we cannot guarantee or give any warranty to the information provided.   Looking for a home loan? Contact Loan Market's Matt Clayton, our preferred broker. He doesn't work for the banks, he works for you. Call him on 0414 877 333 or visit https://broker.loanmarket.com.au/lower-north-shore/  For more information or to arrange an inspection, contact Sabrina Gao 0433 666 591 or Bernard Ryan 0408 408 509.",https://www.domain.com.au/5-central-avenue-mosman-nsw-2088-2020825168,y
MOS-018,Mosman,2088,31/2B Brady Street,1925000.0,2026-06-17,privateTreaty,Apartment,3,2,2.0,5,5.77,,0,0,"Securely set within the idyllic 'Beech Grove' pavilion within the popular lifestyle estate 'Bridlewood Gardens', this immaculately presented apartment offers the best of single level living in an uber convenient setting.  Built by Mirvac and promising minimal maintenance, there is a generous 178qm on title. Wonderfully spacious and L-shaped in its configuration, the living and dining room both connect to the granite kitchen. United by practical floorboards, the kitchen is equipped with quality appliances including gas cooking and a dishwasher.   Presenting three inviting bedrooms, all bedrooms are appointed with ample built-in robes. The master connects to its own private balcony and full ensuite with bathtub. Sure to impress, the apartment is to be sold with vast internal and external storage options, ducted reverse cycle air-conditioning and intercom system.  Ready to enjoy immediately, there is level lift access from the manicured grounds and basement level parking. Located for lifestyle in the heart of Mosman neighbouring Bridgepoint Shopping Centre, downsize in style within one of the North Shore's most sought-after addresses.  - Immaculately presented offering immediate comfort - Sliding glass doors opening to balcony off lounge - Breakfast nook opening to leafy alfresco dining - Floorboards in the kitchen, granite benchtops - Gas cooktop, double sink and dishwasher - Master bedroom opening to private balcony - Master also with two built-in robes and ensuite - Ensuite featuring separate bath and shower - Second bathroom mirroring finishes of the ensuite - Bedrooms two and three enjoy a northerly aspect - Walk-in laundry room, spacious linen cupboard - Two security car spaces plus storage cage - Ducted reverse cycle air-conditioning, intercom - Lush gardens, green space with water features - Secure frontage and pavilion, level lift access - Less than 100m to supermarkets and popular cafes - Approx. 250m to Mosman Junction speciality stores - 270m to Anytime Fitness, 350m to swim centre - 350m to B-Line city bus transport at Spit Junction  * All information contained herein is gathered from sources we consider to be reliable, however we cannot guarantee or give any warranty to the information provided.   Looking for a home loan?  Contact Loan Market's Matt Clayton, our preferred broker. He doesn't work for the banks, he works for you. Call him on 0414 877 333 or visit https://broker.loanmarket.com.au/lower-north-shore/",https://www.domain.com.au/31-2b-brady-street-mosman-nsw-2088-2020825286,y
MOS-019,Mosman,2088,2/60A Raglan Street,1175000.0,2026-06-26,privateTreaty,Apartment,2,1,1.0,3,4.15,,0,0,"Nestled within a tightly held Art Deco block of just eight in one of Mosman's most exclusive harbourside peninsula pockets, this charming ground-floor apartment delivers an exceptional blend of timeless character, impressive proportions and everyday practicality. Rich in Art Deco character and enhanced by high ceilings and windows on three sides, the home feels wonderfully bright, airy and inviting throughout, while the rarity of only one shared wall creates an added sense of peace and privacy. Generously scaled interiors unfold into a spacious two-bedroom layout, where warm hardwood flooring, leafy outlooks and a gas fireplace create an instantly welcoming atmosphere. Adding to the home's appeal is the seamless access onto the beautifully maintained common gardens, creating a wonderful sense of openness and an effortless extension of the living space rarely found in apartment living. The updated stone kitchen introduces modern functionality, while the oversized lock-up garage is a genuine standout, offering not only secure parking, but exceptional additional space for storage, bikes or lifestyle equipment with the convenience of internal access into the block. Positioned moments from Sirius Cove, Reid Park, Mosman Bay Wharf and South Mosman Wharf, the lifestyle on offer is equally compelling, with harbour foreshore walks, ferry access and village convenience all within easy reach. Combining enduring Art Deco appeal with outstanding liveability in a tightly held harbourside setting, this is a home of warmth, charm and long-term value in one of Mosman's most desirable enclaves.  - Ground-floor apartment within a tightly held Art Deco block of only eight - Only one shared wall, creating enhanced privacy and quiet enjoyment - Immediate access onto beautifully maintained common gardens - Spacious living and dining zones with hardwood floors and gas fireplace - Bright interiors with windows on three sides and leafy west-facing outlooks - Updated stone kitchen with gas cooktop and internal laundry facilities - Two generous bedrooms appointed with built-in robes and ceiling fans - Neat original bathroom with bath and overhead rainfall shower - High ceilings and exceptionally well-proportioned interiors throughout - Oversized lock-up garage with internal access, ideal for secure parking and substantial storage - Quietly positioned within one of Mosman's most desirable harbourside pockets - Easy walk to Sirius Cove, ferry wharves, harbour parks and Mosman Village  Disclaimer: All information contained herewith, including but not limited to the general property description, price and the address, is provided to Belle Property by third parties. We have obtained this information from sources we believe to be reliable; however, we cannot guarantee its accuracy. The information contained herewith should not be relied upon and you should make your own enquiries and seek advice in respect of this property or any property on this website.",https://www.domain.com.au/2-60a-raglan-street-mosman-nsw-2088-2020831480,y
MOS-020,Mosman,2088,22/96 Ourimbah Road,1025000.0,2026-07-03,privateTreaty,Apartment,2,1,1.0,3,5.66,,0,0,"Set well back from the street in a quiet and private position, this beautifully renovated two-bedroom apartment offers a warm and welcoming place to call home. With its perfect east-facing aspect, the apartment is filled with lovely morning sunlight and features a practical floorplan designed for comfortable, easy living.   The generous open-plan living and dining area flows out to a sunny balcony with a pleasant district outlook, the perfect spot to relax or enjoy your morning coffee. The as new kitchen is stylish and well-equipped, with plenty of storage and benchtop plus the added convenience of an internal laundry. Both bedrooms have built in robes and are bright and airy, enjoying plenty of natural light from the eastern aspect.   Positioned on the top floor, this delightful property also has a lock-up garage with auto door and an oversized storeroom, both on separate titles, offering flexibility and a rare opportunity for independent sale if desired.   Within 'Kenthurst', a highly regarded and meticulously maintained building, this apartment enjoys an excellent Mosman location just moments from Middle Harbour Public School and within easy walking distance of city transport. To fully appreciate this apartment, you really must inspect it.   Property Details Apartment Size: 77.1m² + Garage: 19.5m² + Storeroom 5.6m2 = Total Area: 102.2m² Position: Top Floor walk up, there is no lift Leasing Estimate: $900 - $950 per week Water: $210 per quarter approx Council: $388 per quarter approx Strata Levy: $1,182.50 per quarter Strata Report: Available by email at no charge upon request.  All information contained herein has been obtained from sources we believe to be reliable. However, we cannot guarantee its accuracy and interested parties should rely on their own enquiries.",https://www.domain.com.au/22-96-ourimbah-road-mosman-nsw-2088-2020858714,y
MOS-021,Mosman,2088,22/43 Musgrave Street,1310000.0,2026-07-03,privateTreaty,Apartment,2,1,1.0,3,3.92,,0,0,"Positioned on the second floor of the tightly held Kelburne building, this beautifully presented apartment offers an exceptional blend of lifestyle, convenience and harbourside living. With access to an expansive rooftop terrace capturing breathtaking views of the Harbour Bridge, Sydney Opera House, city skyline and sparkling harbour, it delivers a truly special Sydney lifestyle.  Thoughtfully updated, the apartment features light-filled interiors, contemporary finishes and a highly functional layout. Open-plan living and dining areas enjoy a prized northerly aspect, while two private balconies provide the perfect setting to relax, entertain or enjoy the leafy surrounds and harbour glimpses.  The sleek stone kitchen combines style and practicality with quality appliances and generous preparation space. The spacious master bedroom offers excellent storage and balcony access, while the second bedroom includes a built-in study nook, ideal for working from home. A stylish bathroom with quality finishes and a full-sized soaking bath completes the accommodation.  Residents also enjoy lift access, covered parking and one of the area's most impressive communal rooftop terraces, an extraordinary setting for entertaining and a coveted vantage point for New Year's Eve fireworks, with panoramic views encompassing the Harbour Bridge, Sydney Opera House, city skyline and harbour.  Perfectly positioned within walking distance of ferry services, waterfront reserves, harbourside parks and village amenities, this is an outstanding opportunity to secure a refined, low-maintenance lifestyle in one of Sydney's most desirable harbour precincts.  - Second-floor position in the tightly held Kelburne building - Expansive rooftop terrace with panoramic Harbour Bridge, Opera House, city skyline and harbour views - Bright open-plan living and dining with prized northerly aspect - Two private balconies with leafy outlooks and harbour glimpses - Sleek stone kitchen with quality appliances - Spacious master bedroom with excellent storage and balcony access - Stylish bathroom with full-sized soaking bath - Air conditioning, new carpet and shared laundry facilities - Secure building with lift access and covered parking - Easy walk to ferry services, waterfront reserves, parks and local amenities  Disclaimer: All information contained herewith, including but not limited to the general property description, price and the address, is provided to Belle Property by third parties. We have obtained this information from sources we believe to be reliable; however, we cannot guarantee its accuracy. The information contained herewith should not be relied upon and you should make your own enquiries and seek advice in respect of this property or any property on this website.",https://www.domain.com.au/22-43-musgrave-street-mosman-nsw-2088-2020957885,y
MOS-022,Mosman,2088,2 Morella Road,7360000.0,2026-06-05,privateTreaty,House,5,4,4.0,9,4.82,,0,0,"Set in one of Mosman's most tightly held harbourside enclaves, this impressive family residence offers a rare combination of prestige, tranquillity and space, preserved from the high-density apartment developments in neighbouring suburbs.  Clifton Gardens represents some of Sydney's most coveted real estate, where the neighbourhood offers an unmatched lifestyle just minutes from Mosman Village, harbour beaches, elite schools and city transport, yet feels a world away.  Showcasing a timeless French-Provincial renovation, the home presents harbour and city vistas, expansive light-filled interiors and seamless indoor-outdoor living across three thoughtfully designed levels.   Four generous bedrooms plus a versatile fifth bedroom or home office, all with walk-in robes  Three designer bathrooms including travertine master ensuite with raised bathtub and harbour views  Multiple living zones across three levels, ideal for families or multi-generational living  Lower-level guest suite or teen retreat with separate entry and self-contained potential  Gourmet kitchen featuring Ilve double oven, granite breakfast bar and abundant storage  Formal dining room and casual living areas, both opening to covered entertaining terraces  Sun-drenched north-facing lawn with DA approval for immediate pool installation  Home cinema or media room, perfect for family entertainment  Underfloor heating, Jetmaster gas fireplace and ducted air conditioning throughout  Travertine floors, marble finishes and luxurious wool carpets in bedroom suites  Rare four-car secure garaging with internal access and additional storage  Moments from Clifton Gardens Beach, Taronga Zoo, harbour ferries and Mosman's village cafés  An exceptional harbourside home in one of Sydney's most desirable and tightly held blue-chip locations.",https://www.domain.com.au/2-morella-road-mosman-nsw-2088-2020562800,y
MOS-023,Mosman,2088,10/116 Belmont Road,2380000.0,2026-06-05,privateTreaty,Townhouse,3,2,2.0,5,5.05,,0,0,"Designed by award-winning architects Bates Smart, Monarch commands a prestigious position in one of the Lower North Shore's most sought-after enclaves. Defined by grand proportions and exquisitely curated interiors, this landmark address sets a new benchmark for contemporary Mosman living. This is a rare opportunity to secure one of only a handful of exclusive townhouses within ""The Stables"" - an offering of remarkable privacy and distinction.  Showcasing stylish interiors bathed in northern sunlight, this luxury townhouse delights with engineered timber floors, soaring ceilings, and a crisp white colour palette. The light-filled open-plan living and dining zone seamlessly connects to a sun-drenched garden courtyard with purpose built Vergola perfect for entertaining. The marble kitchen features miele appliances and a generous dine-in bench.  The upper level reveals two spacious bedrooms both with built-in and the master retreat also boasting a luxurious marble ensuite. Further upscale appointments include custom designed shower screens, a European laundry & ducted air conditioning.  With its sleek open plan design, luxury features and proximity to lifestyle essentials, this turnkey retreat is impeccably presented and boasts an enviable haven to call home, with the additional option of holding it as a premier investment in an ultra-coveted setting. An exceptional residence in one of Sydney's most highly sought-after lifestyle locations, this offering is simply unmatched.  - Open plan living and dining zone; sleek gas kitchen with Miele appliances, Calacutta marble island and benchtops - Two outdoor entertaining areas - One with purpose built Velux vergola  - Calacutta marble designer bathrooms, main featuring stunning bathtub plus separate rain shower - Zoned ducted air-conditioning, extensive built-in storage, two secure parking spaces very conveniently located, video intercom entry - Stroll to Hayden Orpheum movie cinema, Cremorne Plaza, and public transport direct to CBD and Chatswood - Easy walk to Mosman village for boutique shopping, cafes, and eateries - Close proximity to prominent nearby schools, Taronga Zoo, Balmoral, and Chinamans Beaches  Disclaimer: All information regarding this property, including but not limited to the general property description, price and the address, is gathered from sources we consider to be reliable, however we cannot guarantee its accuracy or give any warranty to the information provided. The information contained herewith should not be relied upon and you should make your own enquiries and seek advice in respect of this property.",https://www.domain.com.au/10-116-belmont-road-mosman-nsw-2088-2020640198,y
MOS-024,Mosman,2088,21/96 Ourimbah Road,900000.0,2026-06-05,privateTreaty,Apartment,2,1,1.0,3,5.66,,0,0,"Positioned for ultimate convenience and capturing sweeping views over the treeline to the shimmering waters of Middle Harbour, this sun-drenched apartment offers a lifestyle of serenity in one of Mosman's most accessible pockets. Situated on the top floor of a well-maintained building, this residence seeks to impress with its light atmosphere. The generous living and dining area flows seamlessly onto a private balcony, a perfect vantage point to soak in the elevated district outlook.  The interiors have been thoughtfully curated to maximise space and light, featuring a crisp, neutral palette and carpeting throughout. At the heart of this residence is a sleek, contemporary kitchen equipped with streamlined white cabinetry, stainless steel appliances, and ample bench space perfect for culinary preparation. Both bedrooms are framed by large windows with integrated blinds that open toward serene, leafy vistas, while the master suite includes a substantial built-in wardrobe. Practicality is ensured with an exclusive-use parking space and the convenience of a communal laundry located on each floor.  Tucked away in a premier Mosman pocket, this two bedroom sanctuary combines a modern, contemporary aspect with a seamless indoor - outdoor flow, making it an ideal choice for professionals, investors or first - home buyers. Situated only 1.1km away from Mosman village with local eateries, boutiques and express city transport, this residence offers the perfect balance of peaceful living with effortless connectivity to the best of the Lower North Shore.   Spacious living and dining area with private balcony overlooking the tree line to the shimmering waters of Middle Harbour.  Two light-filled bedrooms, master bedroom with a built-in wardrobe.  Contemporary kitchen with crisp, white cabinetry and ample storage.  Classic bathroom with shower over bath and feature tiles throughout.  A well maintained building in an ultra convenient location.  Communal laundry on each floor, and exclusive car parking.  400m to Middle Harbour Public School, 1.6km to Redlands and 1.8km to Mosman High School.  650m to Lodge Road Park, 700m to Shellbank Reserve, and 1.3km to Primrose Park.  1km to Cremorne shops with the Hayden Orpheum Cinema, Supermart IGA, Minsky's Hotel and local cafes.  1.1km to the heart of Mosman with boutiques, cafes, supermarkets, and B - Line transport direct to Sydney's CBD.  * All information contained herein is gathered from sources we consider to be reliable, however we cannot guarantee or give any warranty to the information provided. Looking for a home loan? Contact Loan Market's Matt Clayton, our preferred broker. He doesn't work for the banks, he works for you. Call him on 0414 877 333 or visit https://broker.loanmarket.com.au/lower-north-shore/  For more information or to arrange an inspection, please contact Jake Wilson 0430 564 683 or Samuel Petrou 0466 155 915.",https://www.domain.com.au/21-96-ourimbah-road-mosman-nsw-2088-2020743658,y
MOS-025,Mosman,2088,1/30 Hale Road,2180000.0,2026-06-05,privateTreaty,Townhouse,3,2,2.0,5,5.71,,0,0,"Created for comfort and contemporary living, this semi-like townhouse offers an impressive 235sqm on title with only one common wall. Capturing a prized northerly aspect and abundant natural light, the generous interiors flow seamlessly through glass bi-fold doors to reveal an alfresco timber deck and generous level lawns, privately enclosed by low-maintenance landscaped gardens.  Accommodation comprises three spacious double bedrooms, all with built-in wardrobes and balconies. The master retreat features a stylish ensuite with stone vanity and a private balcony overlooking the garden, while the top-floor bedroom impresses with vaulted ceilings, a Juliet balcony, district views and water glimpses. A granite kitchen with gas cooking and dishwasher is complemented by freshly painted interiors, new engineered timber floors, new carpet and plantation shutters throughout. The main bathroom includes a bathtub, with a guest powder room conveniently located on the ground floor.  Further highlights include abundant storage, air-conditioning in the living area and top floor, a full internal laundry and secure double parking with internal access. This sophisticated home is ideally positioned within a short stroll to buses, schools and local shops, with easy access to Balmoral Beach, offering a lifestyle of ease and convenience.",https://www.domain.com.au/1-30-hale-road-mosman-nsw-2088-2020758609,y
MOS-026,Mosman,2088,2/63 Muston Street,6000000.0,2026-06-18,privateTreaty,Apartment,4,3,3.0,7,5.61,,0,0,"A light-filled haven of contemporary luxury and everlasting style, this 362sqm penthouse style residence showcases captivating harbour views from its exclusive Balmoral Slopes address. Gracing the entire top floor within a boutique development of just two, the house-like proportions are perfectly orientated to maximise both natural light and connection to the postcard setting.    Combining custom interior detailing with considered landscaping, there is an unbreakable bond between inside and out. Walls of glass seamlessly connect to a harbourside terrace and two innovative internal courtyards. Suited to the entertainer, the stone encased kitchen is centred around a social kitchen island and is fitted with a full suite of high-end appliances. Connecting to a practical butlers' pantry, the kitchen is sure to impress. Warmed by an ambient fireplace, the lounge and dining room are alive with natural light thanks to elevated north-eastern windows.    Filtering in Balmoral views at every opportunity, clever design transports the outlook into the main living expanse and master bedroom suite. Wonderfully versatile, the single level layout offers up to four bedrooms including a home office and multi-purpose room adjoining an internal courtyard. Serviced by three full bathrooms and a guest powder room, there is also concealed laundry facilities. To be sold with a long list of extras, features of notable appeal include air-conditioning, wine cellar, storeroom.    Promising minimal maintenance without sacrificing space, there is level lift access from the triple garaging off Redan Lane. Superbly located at the top of Balmoral Slopes just one block from Mosman Village and stroll down to the sandy shores of Balmoral Beach at your leisure.    • Mesmerising Balmoral views, easterly aspect • 35sqm Vergola covered entertaining terrace • Elevated windows filtering in north-eastern sun • Lounge opens to terrace and internal courtyard • Ambient fireplace warms the lounge and dining • Marble topped joinery, luxe custom details • Open-plan concept, seamless flow from kitchen • Kitchen layout with island and butlers' pantry • Master suite with 5-star ensuite and walk-in robe • Master with views and direct courtyard access • Ensuite bathrooms off bedroom two and three • Master ensuite with double basins, sleek storage and spa bath • Multi-purpose 3rd bedroom, 2nd internal courtyard • Bedroom four currently configured as home office • Landscaped frontage and two courtyard retreats • External blinds and contemporary raised ceiling lines • Underfloor heating in all tiled areas • Level lift access from triple secure car parking • Dedicated wine cellar and storeroom off parking • Solar panels (15 x 350 watt) and Tesla battery • 290m to city bus stop for a speedy city commute • 400m near level walk to village shops and cafes • 750m to The Esplanade and Balmoral Beach  * All information contained herein is gathered from sources we consider to be reliable, however we cannot guarantee or give any warranty to the information provided.   Looking for a home loan? Contact Loan Market's Matt Clayton, our preferred broker. He doesn't work for the banks, he works for you. Call him on 0414 877 333 or visit https://broker.loanmarket.com.au/lower-north-shore/  For more information or to arrange an inspection, please contact Geoff Smith 0418 643 923, Geoff Allan on 0414 426 424 or Leonard Van der Velde on 0413 428 298.",https://www.domain.com.au/2-63-muston-street-mosman-nsw-2088-2020788411,y
MOS-027,Mosman,2088,1/10 Lang Street,3200000.0,2026-06-06,privateTreaty,SemiDetached,4,2,1.0,6,5.55,,0,0,"Move straight into this beautifully presented character semi, rich in timeless charm and ideally positioned in a highly convenient Mosman setting. Double-brick and full of substance and style, the home is defined by soaring ceilings, hardwood floorboards, original fireplaces and graceful arched windows. A generous living domain connects easily to a meticulously landscaped garden, where lush level lawns and beautifully tended planters create a secluded backdrop for entertaining or everyday family life. Four generous bedrooms are thoughtfully arranged across two levels, with bathrooms on each floor and the practicality of dual street access to a lock-up garage at the rear. With Mosman Village, Military Road shops, city buses and local schools all close by, it brings together enduring character, family flexibility and everyday convenience with ease.  - Elegant semi-style residence, leafy yet central lifestyle pocket - Immaculate façade, front verandah, classic features internally - Hardwood floors, fireplaces, arched windows and soaring ceilings - Generous living and dining zone opens easily to the garden - Private garden with level lawns and leafy landscaped surrounds - Modern kitchen with gas cooktop, dishwasher and pantry storage - Four bedrooms across two levels, ideal for family flexibility - Two modern bathrooms with rainfall showers, one with bathtub - Air conditioning, plantation shutters and excellent natural light - Large lock-up garage with rear lane access via Eric Lane - Walk to Mosman Village, buses, shops and local schools  Disclaimer: All information contained herewith, including but not limited to the general property description, price and the address, is provided to Belle Property Management Neutral Bay by third parties. We have obtained this information from sources we believe to be reliable; however, we cannot guarantee its accuracy. The information contained herewith should not be relied upon and you should make your own enquiries and seek advice in respect of this property or any property on this website.",https://www.domain.com.au/1-10-lang-street-mosman-nsw-2088-2020805796,y
MOS-028,Mosman,2088,2/184 Raglan Street,1237500.0,2026-06-17,privateTreaty,Apartment,2,1,1.0,3,5.2,,0,0,"Privately set back in a well maintained boutique block, this inviting first floor apartment showcases stylishly updated interiors and a warm spacious living zone extending to a vine covered balcony. Framed by lush green outlooks over the communal gardens, the move in ready home promises the ultimate low maintenance lifestyle on the fringe of Mosman village. Embraced in a premier convenient pocket, it's an easy level walk to the vibrant shopping precinct, city buses, cosmopolitan restaurants and cafes.  - Beautiful open living and dining room highlighted with hardwood floorboards - Sheltered balcony is the ideal place to relax offering tranquil leafy views - Gas and Caesarstone crafted kitchen features stainless oven and dishwasher - Peaceful and light filled bedrooms both providing built-in wardrobes - Rain shower bathroom with modern finishes, internal storage and intercom - Block of only nine, car space and exclusive use of 1.3x2.75m storage area - Quick access to iconic Balmoral Beach attractions and fine dining options - Moments to Avenue Road local shops, walk to Mosman Bay ferry and park - Close to idyllic foreshore trails, harbour beaches and glorious reserves - Outstanding walk-to-everywhere home set in Mosman's best location",https://www.domain.com.au/2-184-raglan-street-mosman-nsw-2088-2020896625,y
MOS-029,Mosman,2088,28/9 Mandolong Road,800000.0,2026-05-29,privateTreaty,Apartment,1,1,,2,5.81,,0,0,"Perched high on the prestigious Balmoral Slopes, this light-filled apartment encapsulates the quintessential Mosman lifestyle. Just 700 metres to the shores of Balmoral Beach and a mere 80 metres to the heart of Mosman Village, it promises a lifestyle of leisure, connection, and effortless convenience.  Bright and inviting, the open-plan living and dining zone flows seamlessly and is finished in a contemporary palette that balances sophistication with coastal ease. The separate kitchen is neatly presented, featuring an integrated laundry facility, while the oversized bedroom offers tranquil, leafy outlooks and generous built-in storage. A stylishly updated bathroom completes the home, featuring a modern vanity and a combined bath/shower.  With Spit Junction's transport hub only 250 metres away and a strong rental appraisal of approximately $615-$630 per week, this is a prime opportunity for first-home buyers or astute investors to secure a foothold in one of Sydney's most coveted suburbs.   Coveted Balmoral Slopes setting just 700m to Balmoral Beach  Spacious open-plan layout with easy indoor-outdoor flow  Large master bedroom with built-ins and a leafy aspect  Renovated bathroom with a combined bath/shower and a sleek vanity  Separate kitchen with laundry facilities and ample storage  Stroll to cafés, shops, buses, and dining in Mosman Village  Moments to Spit Junction, scenic foreshore walks, and elite schools  Current rental appraisal of $615-$630 p/w  Whether it's your first move or your next investment, this is a place where lifestyle leads the way.",https://www.domain.com.au/28-9-mandolong-road-mosman-nsw-2088-2020214993,y
MOS-030,Mosman,2088,3/1A Oswald Street,1140000.0,2026-06-04,privateTreaty,Apartment,2,1,,3,4.42,,0,0,"Embracing a lifestyle of simplistic luxury, this effortlessly chic apartment is positioned on the first floor of a boutique Art Deco building in Mosman's prestigious harbourside village. Privately nestled among beautifully maintained gardens, the home offers a peaceful retreat just moments from Reid Park and Mosman Bay Wharf, where ferries provide a scenic and convenient connection to the city.  Beautifully revived interiors highlight the timeless charm of the building, with warm oak flooring, soft neutral tones and classic Art Deco detailing creating a refined yet relaxed atmosphere. High ceilings, elegant proportions and large windows allow natural light to pour into the living areas, enhancing the apartment's sense of openness while framing a tranquil leafy outlook.  Set within a tightly held harbourside enclave, the home enjoys close proximity to Mosman's village shops, cafés and waterfront parklands. Combining enduring Art Deco character with contemporary updates and an enviable location, this residence presents a wonderful opportunity to enjoy relaxed harbourside living.   Revived interiors showcasing neutral tones, oak flooring and classic Art Deco charm  Light-filled lounge framed by a tranquil leafy outlook  Granite kitchen with space for casual dining  Two generous bedrooms, main with built-in wardrobe, plus 3rd bedroom, study or sunroom  Boutique Art Deco building surrounded by beautifully maintained gardens  Easy walking distance to Reid Park, Mosman Bay Wharf, local buses, village shops and cafés",https://www.domain.com.au/3-1a-oswald-street-mosman-nsw-2088-2020690651,y
MOS-031,Mosman,2088,6/800 Military Road,2725000.0,2026-05-29,privateTreaty,Townhouse,3,2,2.0,5,5.6,,0,0,"Capturing a spectacular panoramic vista from Balmoral to North Head, this elegant townhome holds a quiet position within a boutique complex, just steps from the energy of Mosman's vibrant village. Nestled amongst layered greenery, it feels private and protected, with bright, airy interiors extending effortlessly to a wraparound courtyard where sun-splashed terraces create a secluded setting for relaxed outdoor dining and everyday retreat. Upstairs, all three bedrooms connect to balconies, with the main bedroom enjoying the full beauty of the harbour view. The home's double-brick construction, immaculate presentation and central yet sheltered position give it enduring appeal for downsizers, young families or those seeking a convenient walkable lifestyle. With boutique shops, bustling cafés and restaurants, and city buses at the door, and Balmoral Beach just a short stroll away, this enchanting home captures the village ease and harbourside character of Mosman.  Features:   Double-brick townhouse set to rear of boutique Mosman complex  Open living and dining with air-con and easy outdoor connection  Private wraparound courtyard garden with sunny alfresco terraces  Modern stone kitchen with quality appliances and a dishwasher  Three upstairs bedrooms, all with balcony access and built-in robes  Main bedroom with walk-in robe, en-suite and harbour outlook  Private leafy outlooks, laundry room, downstairs guest powder room  Large double lock-up garage plus additional dedicated storage room  Quietly set back from Military Road with strong sense of privacy  Steps to village cafés, boutiques, city buses and Balmoral Beach",https://www.domain.com.au/6-800-military-road-mosman-nsw-2088-2020705154,y
MOS-032,Mosman,2088,12/22 Warringah Road,1030000.0,2026-05-26,privateTreaty,Apartment,1,1,1.0,2,6.52,,0,0,"Positioned within the tightly held and immaculately maintained 'Hopetoun' building, this beautifully renovated first-floor apartment presents a rare opportunity to secure a blue-chip investment in one of the Lower North Shore's most desirable lifestyle pockets.  Bathed in all-day northerly sunlight, the spacious open-plan living and dining zone flows effortlessly to a private balcony, capturing sweeping elevated views across Middle Harbour to Clontarfan outlook that will never lose its appeal. Thoughtfully redesigned with a timeless neutral palette and high-end finishes throughout, the home delivers both immediate comfort and enduring style.  For the astute investor, the opportunity is further enhanced by a quality long-term tenant already in place until September 2026, providing secure, consistent income from day one.  Set just moments from iconic beaches, village cafés, and direct city transport, this is a lifestyle location that continues to drive strong tenant demand and long-term capital growth.  Key Features:  - Sun-drenched open plan living and dining with air conditioning and ceiling fan - Seamless flow to a covered north-facing balcony with stunning harbour views - Designer kitchen with stone benchtops, induction cooktop, and quality finishes - Generous bathroom with heated towel rail and integrated laundry space - Well-proportioned bedroom with ceiling fan and full wall of built-in robes - Undercover car space on title with fully covered access to the building - Approx. 150m to city and local bus transport - Easy stroll to Chinaman's Beach, Balmoral Beach, cafés, and restaurants  A compelling combination of lifestyle, location, and secure incomethis is an exceptional opportunity for the discerning investor seeking both immediate return and long-term growth in a premium harbourside setting.  Current Rent: $700 per week  Strata - $1222 pq Council - $395 pq Water - $200 pq  *** Current tenant until 15 September 2026",https://www.domain.com.au/12-22-warringah-road-mosman-nsw-2088-2020747513,y
MOS-033,Mosman,2088,3/209 Spit Road,1390000.0,2026-05-22,privateTreaty,Apartment,2,1,1.0,3,7.07,,0,0,"Harbourside living meets garden serenity in this house-like residence, one of only three in a tightly held block in an idyllic setting just 650m to Chinamans Beach. Hidden from the street and remarkably private, the boutique home is introduced via its own entry and enjoys direct access to beautifully manicured gardens, with no common walls enhancing the sense of peace and seclusion. A villa-like layout is thoughtfully zoned with separate living and accommodation wings, offering effortless indoor-outdoor flow. Light-filled interiors feature a generous sunroom and study zone, while harbour breezes and glimpses towards The Heads add to the home's relaxed ambiance. With secure undercover parking, this tranquil retreat delivers scale, flexibility and a true sense of sanctuary, all within easy reach of Mosman village, boating clubs and Balmoral Beach's celebrated waterfront dining.  Features Include:  A secret world hidden from the street, private entry  Unique in the block, direct access to common gardens  Secure portico and entry hall, house-like proportions  2 large bedrooms with bult-ins open to a sunroom   Modern kitchen with a dishwasher and servery window  Living with reverse air and French doors to a courtyard  Glass-framed dining overlooking manicured gardens   Fully tiled bathroom with a concealed internal laundry   Secure undercover parking, no common walls  Strata levies: $1,750/qtr Council rates: $437/qtr Water rates: $190/qtr",https://www.domain.com.au/3-209-spit-road-mosman-nsw-2088-2020769098,y
MOS-034,Mosman,2088,2/78 Shadforth Street,785000.0,2026-05-22,privateTreaty,Apartment,1,1,1.0,2,4.76,,0,0,"Capturing a prized north west aspect from the rear of a boutique block, this elevated ground floor apartment offers a whisper quiet village lifestyle. It's a stroll to Avenue Road cafés, shops and lifestyle facilities, while less than 2km to Balmoral Beach.  - Fresh white interiors showcase refurbished parquetry floors - Open living, dining and kitchen maximises space and light - Sun drenched paved courtyard for private outdoor entertaining - Modern stone kitchen features stainless oven and dishwasher  - Oversized bedroom complete with mirrored robes and ceiling fan - Sleek fully tiled ensuite bathroom appointed with glass shower - Air conditioning, Euro laundry, open car space plus storage cage - Short walking distance to Reid Park and Mosman Bay Wharf - Surrounded by parks, nature trails and idyllic harbour beaches - Moments to Cremorne and Neutral Bay villages and restaurants",https://www.domain.com.au/2-78-shadforth-street-mosman-nsw-2088-2020802330,y
MOS-035,Mosman,2088,4/2 Ida Avenue,4000000.0,2026-05-29,privateTreaty,Apartment,3,2,2.0,5,7.07,,0,0,"Characterized by its sun-drenched north aspect, sparkling water views and superior craftsmanship throughout, this stunning 'as new' top floor apartment is part of a luxury boutique block of only four. With many special features including luxurious interiors, no common walls, a private oversized terrace for outdoor living and dining, and easy level lift access from the secure parking and abundant storage, this is a truly exceptional offering.  - 3 very generous bedrooms, each with built-in robes - 2 stylish bathrooms with underfloor heating plus separate laundry room - Gourmet stone kitchen with integrated appliances and 'Vintec' wine fridge - Miele appliances, gas cooktop and built-in fridge/freezer - Generous dining and spacious living areas flow seamlessly to the large outdoor alfresco entertaining terrace, offering superb privacy and wonderful views - European Oak floorboards and new carpet throughout - Ducted air conditioning, video intercom, 2 secure parking spaces (plus plenty of additional room for a bike or scooter) and 2 lock-up storage cages - EV charging provisions - Easy access to The Spit Restaurants & Reserve, Middle Harbour waterways, and City or Northern Beaches transport - Wheelchair accessible living - Deceased Estate arguably the best apartment in the block  The epitome of luxury living for discerning executive buyers or downsizers, this property is For Sale now at an exceptional price level. Come and view and be surprised.  Disclaimer: This advertisement is a guide only and while information has been gathered from reliable sources, accuracy cannot be guaranteed. Aurora Property does not accept responsibility for actions taken by intending purchasers based on this information. No warranty is provided by vendors or agents. Potential buyers are advised to independently verify all details and seek professional guidance. This information is presented in good faith and should not be considered definitive.",https://www.domain.com.au/4-2-ida-avenue-mosman-nsw-2088-2020823625,y
PAR-001,Parramatta,2150,89/459-463 Church Street,580000.0,2026-09-04,privateTreaty,Apartment,2,2,1.0,4,20.16,,0,0,"We've been overwhelmed by the amount of interest in similar properties. If you are considering selling, please feel free to get in touch with the expert team at Ray White Parramatta Group to discover how we can achieve the best possible price for you in the shortest time. Our proven marketing strategies, extensive buyer database, and strong local market knowledge consistently deliver outstanding results.  We also offer tailored sales campaigns and a hands-on approach to ensure every property receives maximum exposure and interest. With a dedicated team committed to transparent communication and achieving premium outcomes, you can be confident your property is in the best hands.  Stylish Split-Level Apartment in Prime Location  Experience modern urban living in this spacious, beautifully presented, two-bedroom split-level apartment, spanning Levels 2 & 3 of a secure, well-maintained complex. Perfectly positioned in the vibrant heart of Parramatta CBD, it offers an unbeatable blend of style, comfort and everyday convenience.  Ideally located within walking distance to Parramatta's bustling CBD, scenic riverbank walking tracks, RiverCat ferry, bus interchange hub, Light Rail, Sydney Metro (under construction), Westfield Shoppingtown, Coles supermarket on Victoria Road, schools, parks, popular cafes, restaurants, CommBank Stadium, and the world-class Parramatta Square precinct - one of Australia's largest urban renewal projects.  Property Highlights: - Generous 122sqm of internal living, plus a secure 14sqm car space (total 136sqm) - Light-filled open plan living & dining area flowing onto a covered balcony with sweeping district views - Floor-to-ceiling windows & soaring ceilings enhance natural light & cross ventilation - 3 covered balconies offering multiple private outdoor retreats - 2 generously-sized bedrooms with built-in wardrobe - Master bedroom also boasts an ensuite - Contemporary kitchen featuring stone benchtops, gas cooking & stainless-steel appliances - Stylish, fully-tiled bathrooms with quality fittings - European-style internal laundry - Secure basement car space with ample visitor parking available - Resident amenities include a children's play area and a rooftop BBQ area with panoramic views of Parramatta CBD & the Sydney City skyline - Strong rental return, currently leased at $785 per week until 1st October 2026  Outgoings (approximately): - Strata: $3,110 per quarter - Council rates: $213 per quarter - Water rates: $204 per quarter    ""Ray White Parramatta Group - Parramatta | Oatlands | Northmead | Wentworthville, its directors, employees and related entities believe that the information contained herein is gathered from sources we deem to be reliable. However, no representation or warranties of any nature whatsoever are given, intended or implied. Any interested parties should rely on their own inquiries.""",https://www.domain.com.au/89-459-463-church-street-parramatta-nsw-2150-2020441602,y
PAR-002,Parramatta,2150,1702/45 Macquarie Street,705000.0,2026-09-04,privateTreaty,Apartment,2,2,1.0,4,20.15,,0,0,"We've been overwhelmed by the amount of interest in similar properties. If you are considering selling, please feel free to get in touch with the expert team at Ray White Parramatta Group to discover how we can achieve the best possible price for you in the shortest time. Our proven marketing strategies, extensive buyer database, and strong local market knowledge consistently deliver outstanding results.  We also offer tailored sales campaigns and a hands-on approach to ensure every property receives maximum exposure and interest. With a dedicated team committed to transparent communication and achieving premium outcomes, you can be confident your property is in the best hands.  5-STAR LUXURIOUS LIVING IN 'V BY CROWN'  Experience the pinnacle of executive living from the 17th floor of the iconic 'V by Crown', a landmark of architectural excellence and luxury in the heart of Parramatta. This sophisticated two-bedroom apartment with a dedicated study nook showcases designer finishes, breathtaking elevated views, and a seamless open plan layout crafted for modern comfort and style.  Bathed in natural light and thoughtfully designed for effortless living, the residence delivers premium inclusions, sleek contemporary interiors, and an enviable sky-high position that captures the vibrancy of the city below.  Perfectly positioned in the centre of the Parramatta CBD, every major amenity is literally at your doorstep. Enjoy direct access to Westfield Parramatta, Parramatta Railway Station, the renowned Church Street dining precinct, Parramatta River and parklands, Light Rail and Sydney Metro (under construction), CommBank Stadium, Parramatta Aquatic Centre, and the transformative Parramatta Square - one of Australia's largest urban renewal projects and a world-class civic hub.  This Property Features:  - Sundrenched open plan living/dining with floor-to-ceiling windows to maximise natural light & extensive outlooks - Enclosed balcony with access from lounge & both bedrooms - Designer kitchen with stone benchtops, island bench, gas cooking & dishwasher - Stunning main bathroom with floor-to-ceiling tiles & recessed vanity with mirrored cabinets - Ensuite to master & built-in robe to both bedrooms - Designated study nook, perfect for working from home - European-style internal laundry - Ducted air conditioning & LED down lighting throughout - Secure building with video intercom, concierge in foyer & restaurants at the door - Resort facilities with lap pool, sauna, fully-equipped gymnasium & games room - Other facilities include library, conference & music rooms, gardens & theatrette  Parking for Open Home inspections at council carpark in Hunter St (Justice Precinct) only a block away, or limited street parking (metered) on Hunter St & Macquarie St.  ""Ray White Parramatta Group - Parramatta | Oatlands | Northmead | Wentworthville, its directors, employees and related entities believe that the information contained herein is gathered from sources we deem to be reliable. However, no representation or warranties of any nature whatsoever are given, intended or implied. Any interested parties should rely on their own inquiries.""",https://www.domain.com.au/1702-45-macquarie-street-parramatta-nsw-2150-2020659838,y
PAR-003,Parramatta,2150,505/23 Hassall Street,660000.0,2026-09-09,privateTreaty,Apartment,2,2,1.0,4,19.25,,0,0,"We've been overwhelmed by the amount of interest in similar properties. If you are considering selling, please feel free to get in touch with the expert team at Ray White Parramatta Group to discover how we can achieve the best possible price for you in the shortest time. Our proven marketing strategies, extensive buyer database, and strong local market knowledge consistently deliver outstanding results.  We also offer tailored sales campaigns and a hands-on approach to ensure every property receives maximum exposure and interest. With a dedicated team committed to transparent communication and achieving premium outcomes, you can be confident your property is in the best hands.  NORTH-FACING SPACIOUS APARTMENT IN THE HEART OF PARRAMATTA  Experience modern urban living at its finest in this stylish and spacious two-bedroom apartment, ideally located in the heart of Parramatta's thriving CBD. Set within the highly sought-after boutique Galleria Apartments, this residence has been thoughtfully designed to capture natural light, promote cross ventilation, and create a seamless flow of space throughout.  Enjoy unparalleled convenience with a vast array of amenities at your doorstep - from trendy cafés and restaurants to boutique shopping and vibrant nightlife. The prime location also offers effortless access to major transport links, including the newly built Light Rail, Parramatta Station, and the upcoming Sydney Metro, ensuring stress-free connectivity across Sydney.  Features include: - Generous floor plan offering 107m² of living space plus 15m² for car space and storage (total 122m²) - Sun-drenched open-plan living and dining area flowing onto a large north-facing undercover balcony through floor-to-ceiling glass doors - Contemporary kitchen equipped with gas cooktop, stainless steel appliances, dishwasher, stone bench tops & ample storage space - Timber-look tiled floors for a modern touch in the living space - Two spacious bedrooms, both with built-in wardrobes; master with ensuite  - Reverse-cycle air conditioning and an internal laundry - Enhanced security with intercom and lift access - Secure basement parking with storage  Offering the perfect blend of style, comfort, and convenience, this apartment presents an outstanding opportunity to secure your place in one of Sydney's most dynamic and fast-growing precincts.  Don't miss the chance to make this exceptional property your new home!   ""Ray White Parramatta Group - Parramatta | Oatlands | Northmead | Greystanes | Wentworthville, its directors, employees and related entities believe that the information contained herein is gathered from sources we deem to be reliable. However, no representation or warranties of any nature whatsoever are given, intended or implied. Any interested parties should rely on their own inquiries.""",https://www.domain.com.au/505-23-hassall-street-parramatta-nsw-2150-2020750030,y
PAR-004,Parramatta,2150,10/4 Peace Lane,570000.0,2026-09-03,privateTreaty,Apartment,2,2,1.0,4,19.45,,0,0,"We've been overwhelmed by the amount of interest in similar properties. If you are considering selling, please feel free to get in touch with the expert team at Ray White Parramatta Group to discover how we can achieve the best possible price for you in the shortest time. Our proven marketing strategies, extensive buyer database, and strong local market knowledge consistently deliver outstanding results.  We also offer tailored sales campaigns and a hands-on approach to ensure every property receives maximum exposure and interest. With a dedicated team committed to transparent communication and achieving premium outcomes, you can be confident your property is in the best hands.  PRIME LOCATION, SO CLOSE TO EVERYTHING  This modern residence is positioned on the 1st floor of a well-maintained secure complex. This is an optimum lifestyle haven for young homebuyers entering the market, professional couples, or an investor seeking an easy to manage portfolio property. Discover all the benefits of living within a short stroll to the cosmopolitan Parramatta CBD and conveniently located Harris Park station and local shops.  This apartment has two good size bedrooms with built-in robes, a spacious balcony, and an open plan living/dining layout. The kitchen has gas cooking and a great bench, stainless-steel appliances and a beautiful feature-tiled splashback. Boasting a quiet location on the edge of Parramatta's CBD, you will find yourself moments from trains, restaurants, cafes, shopping and vibrant night life.  It Features: - Two undercover balconies - North aspect with lots of sunlight - Floorboards throughout the modern apartment - 2 good-sized bedrooms with built-in robe - Open plan living and dining leading to undercover balcony - Contemporary gas kitchen with stone benchtops & stainless-steel appliances - Large main bedroom including walk-in robe and ensuite - Modern and spacious main bathroom - Air conditioning and internal laundry - Security intercom - Secure basement car space   ""Ray White Parramatta Group - Parramatta | Oatlands | Northmead | Wentworthville, its directors, employees and related entities believe that the information contained herein is gathered from sources we deem to be reliable. However, no representation or warranties of any nature whatsoever are given, intended or implied. Any interested parties should rely on their own inquiries.""",https://www.domain.com.au/10-4-peace-lane-parramatta-nsw-2150-2020795902,y
PAR-005,Parramatta,2150,33/68 Great Western Highway,520000.0,2026-09-11,privateTreaty,Apartment,2,1,1.0,3,20.36,,0,0,"NORTH-FACING FULL-BRICK CORNER APARTMENT | QUIET YET CENTRAL LOCATION  Positioned at the peaceful rear of the highly sought-after full-brick security complex Hillcrest, this oversized light-filled two-bedroom corner apartment on Level 6 offers an exceptional blend of privacy, space, comfort, and convenience right in the heart of Parramatta.  Designed for easy living, the spacious open-plan lounge and dining area seamlessly extends to an expansive north-facing covered balcony that spans the entire length of the apartment, providing the perfect setting for morning coffee, entertaining guests, or simply relaxing while enjoying the impressive Parramatta skyline views.  Conveniently positioned with rear access via Campbell Street, the property is within walking distance to Westfield Parramatta, Parramatta Transport Interchange, Parramatta Railway Station, Light Rail, Sydney Metro (under construction), parks, quality schools, restaurants, cafés, CommBank Stadium, Parramatta Aquatic Centre, and the thriving Parramatta Square precinct-one of Australia's largest urban renewal projects and a world-class civic destination.  Key Features: - Generous 97m² of internal living space complemented by a 19m² lock-up garage, bringing the total area to 116m² - Spacious open-plan lounge and dining area extending to a large north-facing covered balcony, showcasing sweeping views of the Parramatta skyline - Expansive balcony extending the full length of the apartment - Direct balcony access from both the living area and main bedroom - Well-appointed kitchen with ample storage and a window for natural ventilation - Neat bathroom featuring a separate bathtub and shower - Separate toilet with an additional wash basin for added convenience - Built-in wardrobe to the main bedroom - Timber flooring throughout - Internal laundry and linen storage - Lift access to secure basement parking with lock-up garage - Solid full-brick construction with well-managed strata - Located within the Parramatta High School catchment area  Whether you're a first-home buyer, downsizer, or astute investor, this is an exceptional opportunity to secure a spacious apartment in one of Parramatta's most convenient and rapidly evolving locations.   ""Ray White Parramatta Group - Parramatta | Oatlands | Northmead | Wentworthville, its directors, employees and related entities believe that the information contained herein is gathered from sources we deem to be reliable. However, no representation or warranties of any nature whatsoever are given, intended or implied. Any interested parties should rely on their own inquiries.""",https://www.domain.com.au/33-68-great-western-highway-parramatta-nsw-2150-2020943564,y
PAR-006,Parramatta,2150,15/12 Early Street,493000.0,2026-09-11,privateTreaty,Apartment,2,1,1.0,3,19.97,,0,0,"We've been overwhelmed by the amount of interest in similar properties. If you are considering selling, please feel free to get in touch with the expert team at Ray White Parramatta Group to discover how we can achieve the best possible price for you in the shortest time. Our proven marketing strategies, extensive buyer database, and strong local market knowledge consistently deliver outstanding results.  We also offer tailored sales campaigns and a hands-on approach to ensure every property receives maximum exposure and interest. With a dedicated team committed to transparent communication and achieving premium outcomes, you can be confident your property is in the best hands.  EAST-FACING FULL BRICK 2-BEDROOM UNIT IN PRIME LOCATION  Strata Report can be downloaded on request; please send an online enquiry to receive the link.  A small full-brick security block, this two-bedroom home unit offers practical interiors and a smart floor plan with windows to all living areas and eastly aspects to take advantage of the morning sun.  This light-filled second floor unit offers a fantastic opportunity for first home buyers or astute investors. Set within a solid full-brick and concrete slab complex, the home combines comfort, functionality, and unbeatable convenience. Enjoy a lifestyle of ease just moments from Parramatta railway station, bus interchange, Westfield Shopping town, Ollie Webb Reserve, parks, reputable schools, and an array of trendy cafes and eateries.  Features Include:  - Open plan lounge & dining area flowing seamlessly onto an East-facing balcony, perfect for relaxing or entertaining - Modern kitchen with storage aplenty & tiles - Well-appointed bathroom with separate shower & bathtub, plus window for natural ventilation - 2 generous bedrooms, both with built-in wardrobe with carpet - Stylish tiles throughout for easy maintenance living area - Internal laundry room with ample storage - Separately-titled parking space  A rare find in a sought-after location. Don't miss this fantastic opportunity!  ""Ray White Parramatta Group - Parramatta | Oatlands | Northmead | Greystanes, its directors, employees and related entities believe that the information contained herein is gathered from sources we deem to be reliable. However, no representation or warranties of any nature whatsoever are given, intended or implied. Any interested parties should rely on their own inquiries.""",https://www.domain.com.au/15-12-early-street-parramatta-nsw-2150-2020980997,y
PAR-007,Parramatta,2150,2/16 Betts Street,660000.0,2026-09-12,privateTreaty,Apartment,2,1,1.0,3,19.34,,0,0,"Set within a tightly held block of only five residences, this stylishly updated two-bedroom apartment pairs fresh contemporary interiors with an impressive sense of space and privacy. Generous living and dining zones, a wraparound balcony and leafy surrounds create a home that feels open, inviting and ready to enjoy from the moment you arrive.  At the heart of the apartment, the expansive living area provides plenty of room to relax and entertain, complemented by a separate dining zone and split-system air conditioning. Updated flooring enhances the apartment's fresh, modern feel, while the wraparound balcony extends the living space outdoors with multiple areas to sit, dine or simply enjoy the surrounding greenery.  The renovated kitchen is both stylish and practical, offering extensive cabinetry, generous bench space and dedicated pantry storage. Both bedrooms are well proportioned, with the main bedroom featuring a built-in wardrobe, while plantation shutters add a polished finish. The bathroom includes a separate bath and shower, complemented by a dedicated internal laundry and additional linen storage.  A secure lock-up garage adds further convenience, while the location places an impressive selection of lifestyle amenities close at hand. Enjoy nearby Parramatta River and foreshore walks, Bill Thomson Reserve, Parramatta Light Rail, RiverCat services, restaurants, cafés, shopping and Parramatta CBD.  Features Include: Tightly held block of only five residences Expansive living area with separate dining zone Wraparound balcony with leafy outlook Renovated kitchen with excellent storage and pantry Updated flooring throughout Main bedroom with built-in wardrobe Plantation shutters to both bedrooms Split-system air conditioning Bathroom with separate bath and shower Separate internal laundry and linen storage Secure lock-up garage Close to Parramatta River, parklands, transport, dining and Parramatta CBD  Strata - $1,005.31 per quarter (approx)  Water - $226.20 per quarter (approx)  Council - $345.80 per quarter (approx)  Internal size 91sqm  Total size 109sqm  Registered age 1996 Potential rent: $600 - $630pw (approx)   Disclaimer: This advertisement is a guide only. Whilst all information has been gathered from sources we deem to be reliable, we do not guarantee its accuracy and accept no responsibility for any reliance placed on it. No warranty can be given by the vendors or their agents. Images may be digitally edited, including the removal of personal belongings for privacy purposes, and may contain minor visual distortions. Prospective purchasers should rely on their own inspections and enquiries",https://www.domain.com.au/2-16-betts-street-parramatta-nsw-2150-2021061263,y
PAR-008,Parramatta,2150,9/178 George Street,490000.0,2026-09-01,privateTreaty,Apartment,1,1,,2,19.4,,0,0,"Bright loft-style apartment in prime riverside suburb   This chic loft-style apartment in Meriton's sought-after Riva on George development, is conveniently located on the lobby level with dual north-south aspect, attracting natural light and excellent cross flow ventilation. A thoughtful design encompasses a lower-level entry with stairs leading up to combined lounge/dining, flowing onto the main balcony with prized north-easterly outlook and garden views. Also included is a generous bedroom, featuring built-in robe and access to a second private balcony.   The river-front locale is highly convenient, minutes from public transport, shops, cafes, plus onsite restaurants and Woolworths Metro, while the building's resort-style facilities include indoor pool, gym, spa and landscaped gardens. An exciting opportunity for first homebuyers, investors or anyone in search of a beautifully presented and ideally located apartment, offering excellent long-term value and high rental return.  - One-bedroom loft-style apartment of 93sqm on lobby level of river-front complex - Offers enviable north-easterly aspect with light and views over internal garden - Residence has dual north/south aspect, providing excellent light and ventilation - Open plan lounge/dining opening to balcony with pleasant outlook - Full U-shaped gas kitchen with stone benches and quality appliances - Main balcony faces north-east with view over internal garden - Bedroom with built-in robe and access the second private balcony - Fully tiled bathroom, internal laundry on lower level, reverse cycle air conditioning - Onsite riverfront restaurants, Woolworths Metro supermarket right next door - Complex includes gym, sauna, spa, pool, lush gardens, BBQ facilities, onsite childcare - 3-minute walk to Parramatta Wharf Rivercat Ferry link with express service to Circular Quay - Close to Parramatta train station, light rail & free local shuttle bus - Short walk to both University of Western Sydney and University of New England - Near Parramatta Westfield, Parramatta Aquatic Centre & Riverside Theatre district - Perfect first homebuyer or investment opportunity   Approx. Outgoings: Strata: $1175 p.q. | Council: $212 p.q | Water: $200",https://www.domain.com.au/9-178-george-street-parramatta-nsw-2150-2021070163,y
PAR-009,Parramatta,2150,8/64-66 Great Western Highway,425000.0,2026-09-04,privateTreaty,Apartment,1,1,1.0,2,20.31,,0,0,"We've been overwhelmed by the amount of interest in similar properties. If you are considering selling, please feel free to get in touch with the expert team at Ray White Parramatta Group to discover how we can achieve the best possible price for you in the shortest time. Our proven marketing strategies, extensive buyer database, and strong local market knowledge consistently deliver outstanding results.  We also offer tailored sales campaigns and a hands-on approach to ensure every property receives maximum exposure and interest. With a dedicated team committed to transparent communication and achieving premium outcomes, you can be confident your property is in the best hands.  CONVENIENT APARTMENT LIVING IN THE HEART OF PARRAMATTA  Perfectly positioned within a resort-style complex, this well-presented one-bedroom apartment offers a convenient and connected lifestyle in the heart of Parramatta. It presents an outstanding opportunity for first-home buyers, investors or anyone seeking low-maintenance living in a highly desirable location.  Designed for comfort and functionality, the apartment features a practical open-plan layout, with spacious living and dining areas flowing seamlessly onto a covered east-facing balcony. A separate, well-appointed kitchen provides ample storage, while the generously sized bedroom offers a peaceful retreat. A neat bathroom and secure car space add further everyday convenience.  Enjoy effortless access to Parramatta CBD, public transport, shops, cafés, restaurants and an extensive range of local amenities-all within easy reach.  Property Features:  • Spacious one-bedroom layout • Open-plan living and dining areas • Covered east-facing balcony • Separate, well-appointed kitchen with ample storage • Generously sized bedroom • Neat bathroom • Secure car space • Resort-style complex • Low-maintenance apartment living • Conveniently located close to Parramatta CBD • Easy access to public transport, shopping, dining and local amenities  An excellent opportunity to secure a quality property combining lifestyle, convenience and strong investment appeal in one of Western Sydney's most sought-after locations.  ""Ray White Parramatta Group - Parramatta | Oatlands | Northmead | Greystanes | Wentworthville, its directors, employees and related entities believe that the information contained herein is gathered from sources we deem to be reliable. However, no representation or warranties of any nature whatsoever are given, intended or implied. Any interested parties should rely on their own inquiries.""",https://www.domain.com.au/8-64-66-great-western-highway-parramatta-nsw-2150-2021071261,y
PAR-010,Parramatta,2150,1404/1-3 Valentine Avenue,320000.0,2026-09-11,privateTreaty,Apartment,1,1,,2,19.54,,0,0,"Presenting a fantastic opportunity to secure a set and forget investment with incredible returns located in the Mantra Parramatta building. This one bedroom apartment offers the lucrative option to short term lease with platforms such as Airbnb, Booking.com and more, which allows you to earn on a per nightly basis and capitalise on one of the highest return methods currently available in residential leasing. It also includes the added benefit of being able to be used between bookings if needed.  The apartments estimated net returns are $24,337.72 - $31,568.72 = 7.6% - 9.9% through a specialised short term leasing company, there is no need to get involved with the management side of things in order to capitalise on the massive returns, let the short term management company handle everything for you and enjoy the income!  - Spacious 50sqm apartment on level 14 with far reaching city skyline views - Option to use a specialised short-term leasing agency or continue with the Mantra lease - The perfect property for SMSF, investors or buyers looking for a city pad - Large windows with bright south eastern views, ducted air conditioning - Spacious open plan layout, sold furnished and ready to be leased out straight away - Access to pool, spa, gym, sauna, conference room, onsite restaurant and more - 250m away from Westfield shopping centre and 300m from Parramatta station  Strata Fees Per Qtr: $1,653.60 Water Rates Per Qtr: $208.77 Council Rates Per Qtr: $216.20  * For investment only, the property cannot be lived in.  Call Brenden Taliana on 0402 634 828 or email brenden@sydneycoveproperty.com.  All information contained herein is gathered from sources we deem to be reliable, however, we cannot guarantee its accuracy and interested persons should rely on their own enquiries.",https://www.domain.com.au/1404-1-3-valentine-avenue-parramatta-nsw-2150-2021149469,y
PAR-011,Parramatta,2150,1417/32 Hunter Street (AKA 1417/45 Macquarie St),560000.0,2026-08-25,privateTreaty,Apartment,1,1,1.0,2,20.14,,0,0,"We've been overwhelmed by the amount of interest in similar properties. If you are considering selling, please feel free to get in touch with the expert team at Ray White Parramatta Group to discover how we can achieve the best possible price for you in the shortest time. Our proven marketing strategies, extensive buyer database, and strong local market knowledge consistently deliver outstanding results.  We also offer tailored sales campaigns and a hands-on approach to ensure every property receives maximum exposure and interest. With a dedicated team committed to transparent communication and achieving premium outcomes, you can be confident your property is in the best hands.  Lifestyle, Position, Convenience (AKA 1417/45 Macquarie St)  This striking, architecturally designed one-bedroom apartment plus generous study/guest room features floor-to-ceiling windows, both living and bedroom has a sliding door that leads to a balcony, and is situated on the 14th level of Parramatta's most convenient location, the renowned landmark building 'V by Crown'.  Positioned in the heart of Parramatta CBD with all major amenities at the doorstep, including Westfield Shoppingtown, railway station, famous Church St eateries, Parramatta River and Park, Light Rail, Aquatic Centre, CommBank Stadium and just a block away from one of the largest urban renewal projects in Australia - Parramatta Square, a World-Class Civic Centre. It features:  - Open plan living/dining room with floor-to-ceiling windows to maximise natural light - Designer chef's kitchen with stone benchtop, gas cooking & stainless steel appliances - Stunning bathroom with floor-to-ceiling tiles & recessed vanity with mirrored cabinets - Spacious main bedroom with built-in robe - 2nd room (guest/study) with sliding door - Car space plus storage cage on Basement 2 - Well equipped European-style internal laundry - Ducted air conditioning, security video intercom & LED down lighting - Security building entry foyer with concierge - Resort facilities include a lap pool, a sauna, a fully equipped gymnasium & a game room - Other facilities include a library, conference & music rooms, gardens & the theatre - Restaurants, cafes & convenience store on the building's ground floor  Parking for Open Home inspections at council carpark in Hunter St (Justice Precinct) only a block away, or limited street parking (metered) on Hunter St & Macquarie St.  ""Ray White Parramatta Group - Parramatta|Oatlands|Northmead|Greystanes, its directors, employees and related entities believe that the information contained herein is gathered from sources we deem to be reliable. However, no representation or warranties of any nature whatsoever are given, intended or implied. Any interested parties should rely on their own inquiries.""",https://www.domain.com.au/1417-32-hunter-street-aka-1417-45-macquarie-st-parramatta-nsw-2150-2020524761,y
PAR-012,Parramatta,2150,805/21 Hassall Street,410000.0,2026-08-24,privateTreaty,Apartment,1,1,,2,19.31,,0,0,"We've been overwhelmed by the amount of interest in similar properties. If you are considering selling, please feel free to get in touch with the expert team at Ray White Parramatta Group to discover how we can achieve the best possible price for you in the shortest time. Our proven marketing strategies, extensive buyer database, and strong local market knowledge consistently deliver outstanding results.  We also offer tailored sales campaigns and a hands-on approach to ensure every property receives maximum exposure and interest. With a dedicated team committed to transparent communication and achieving premium outcomes, you can be confident your property is in the best hands.  This impressive 1-bedroom apartment is located within a boutique building of only 32 well-appointed apartments. Perfectly positioned on level 8 and in the heart of Parramatta, the building also features a resident-only rooftop entertaining terrace that provides panoramic views of the surrounding CBD, district and Sydney CBD skyline delivering delightful urban retreat in an ultra-convenient location.  It features quality inclusions, bespoke cabinetry, ducted air-conditioning, and comprises spacious living and dining areas that flow seamlessly to expansive outdoor entertaining terraces.  Superbly located, residents can step outside and into the heart of this thriving area. From prized cafes to world-class recreational amenities and international culinary experiences, Parramatta truly offers something for everyone at every turn. All of this and you are only a short walk to a thriving shopping precinct, a multitude of public transport options and some of Sydney's most highly regarded private and public schools.  - Open living area seamlessly flowing onto the undercover balcony - Functional kitchen with stone benchtops and SMEG appliances - Immaculate bathroom with polyurethane joinery and stylish tapware - Floorboard throughout all living areas, and carpet in bedroom - Air conditioning for year-round climate comfort - Residents-only rooftop entertaining terrace - The building has been carefully designed to ensure maximum ventilation with ample natural light - Security building with secure lift access and video intercom - Individual private lock-up storage area - Great rental return for investors or an excellent opportunity for 1st home buyers  ""Ray White Parramatta Group - Parramatta | Oatlands | Northmead | Greystanes, its directors, employees and related entities believe that the information contained herein is gathered from sources we deem to be reliable. However, no representation or warranties of any nature whatsoever are given, intended or implied. Any interested parties should rely on their own inquiries.""",https://www.domain.com.au/805-21-hassall-street-parramatta-nsw-2150-2020574624,y
PAR-013,Parramatta,2150,15/1 Good Street,480000.0,2026-08-27,privateTreaty,Apartment,2,1,1.0,3,20.68,,0,0,"Offering a tidy home with a generous light filled floorplan, this two bedroom apartment is ideal for those seeking a low maintenance CBD lifestyle. Perfectly positioned for convenience, it is set on the edge of Parramatta with everything you need on the doorstep.  - Generous and light filled living and dining areas - All-weather balcony ideal for entertaining guests or relaxation - Tidy kitchen with ample storage and bench space  - Two well sized bedrooms with one bathroom - Brick complex is well maintained, offers street appeal with manicured lawns and gardens - Single lock-up garage and storage throughout - Walking distance to Westfield Parramatta, public transport, schools and parks",https://www.domain.com.au/15-1-good-street-parramatta-nsw-2150-2020650931,y
PAR-014,Parramatta,2150,3/23 Good Street,569000.0,2026-08-31,privateTreaty,Apartment,2,1,1.0,3,20.72,,0,0,"We've been overwhelmed by the amount of interest in similar properties. If you are considering selling, please feel free to get in touch with the expert team at Ray White Parramatta Group to discover how we can achieve the best possible price for you in the shortest time. Our proven marketing strategies, extensive buyer database, and strong local market knowledge consistently deliver outstanding results.  We also offer tailored sales campaigns and a hands-on approach to ensure every property receives maximum exposure and interest. With a dedicated team committed to transparent communication and achieving premium outcomes, you can be confident your property is in the best hands.  SUNNY ASPECT, SOLID FULL BRICK, SCHOOL CATCHMENT  Positioned on level 2 of a well-maintained security complex, this is 2 bedrooms apartment offers a practical floor plan with approx 97m2 in total and a lockup garage parking, with convenient access at the rear of the building to walk through the park to Parramatta CBD and the Aquatic & Leisure Centre.  Within a short stroll to vibrant city night life, railway stations, Westfield Shopping town, bus interchange hub, Light Rail, the upcoming Sydney Metro, parks, reputable schools, trendy restaurants, cafes, CommBank Stadium and nearby one of the largest urban renewal projects in Australia - Parramatta Square, a World-Class Civic Centre. It features:  - Two good size bedrooms with built-ins - Spacious open plan living opening onto undercover alfresco balcony - Two undercover balconies - Sleek kitchen with stone benchtops and gas cooking - Fully-tiled bathroom with separate bathtub & shower - Floorboard throughout - Air conditioning - Extra guest toilet - Lockup garage parking - Security intercom & ample visitor parking - Rear gate access through the park to Parramatta city - Sparkling in-ground swimming pool in the complex  ""Ray White Parramatta Group - Parramatta|Oatlands|Northmead|Greystanes, its directors, employees and related entities believe that the information contained herein is gathered from sources we deem to be reliable. However, no representation or warranties of any nature whatsoever are given, intended or implied. Any interested parties should rely on their own inquiries.""",https://www.domain.com.au/3-23-good-street-parramatta-nsw-2150-2020835270,y
PAR-015,Parramatta,2150,219/88 Church Street,600000.0,2026-08-21,privateTreaty,Apartment,1,1,1.0,2,19.7,,0,0,"We've been overwhelmed by the amount of interest in similar properties. If you are considering selling, please feel free to get in touch with the expert team at Ray White Parramatta Group to discover how we can achieve the best possible price for you in the shortest time. Our proven marketing strategies, extensive buyer database, and strong local market knowledge consistently deliver outstanding results.  We also offer tailored sales campaigns and a hands-on approach to ensure every property receives maximum exposure and interest. With a dedicated team committed to transparent communication and achieving premium outcomes, you can be confident your property is in the best hands.  LUXURY 1 BEDROOM PLUS STUDY IN PARRAMATTA CBD  Positioned on the second floor of the prestigious West Village development, this beautifully appointed one-bedroom apartment with a spacious study offers an outstanding opportunity to secure a premium residence in one of Parramatta's most sought-after locations.  Perfectly situated in the heart of Parramatta CBD, residents will enjoy unrivalled convenience with an impressive selection of restaurants, cafés, retail shopping, and entertainment options at their doorstep. The property is within easy walking distance to Parramatta Train Station, Light Rail services, and the future Sydney Metro, while also being close to Parramatta Westfield, Parramatta Square, CommBank Stadium, Parramatta Aquatic Centre, local parks, and quality schools.  Key features include: - Bright and spacious open-plan living and dining area, ideal for both relaxation and entertaining - Modern gourmet kitchen with premium appliances, gas cooking, dishwasher, and abundant storage - Spacious bedroom with built-in wardrobe and direct balcony access - Luxurious fully tiled bathroom with a frameless glass shower - Separate study/home office, perfect for working from home or additional living space - Stylish timber flooring throughout the living and study areas - Ducted air conditioning for year-round comfort - European-style laundry facilities for added convenience - Secure basement parking with additional storage cage - Strong investment potential with a current rental return of $700 per week - Resort-style amenities, including a virtual golf suite, rooftop entertaining area, communal BBQ space, music room, landscaped gardens, and an on-site concierge  Combining luxury, convenience, and lifestyle, this exceptional apartment presents an ideal opportunity for first-home buyers, professionals, and astute investors alike.   ""Ray White Parramatta Group - Parramatta | Oatlands | Northmead | Greystanes | Wentworthville, its directors, employees and related entities believe that the information contained herein is gathered from sources we deem to be reliable. However, no representation or warranties of any nature whatsoever are given, intended or implied. Any interested parties should rely on their own inquiries.""",https://www.domain.com.au/219-88-church-street-parramatta-nsw-2150-2020908510,y
PAR-016,Parramatta,2150,11/32 Hassall Street,590000.0,2026-08-28,privateTreaty,Apartment,2,2,1.0,4,19.24,,0,0,"This meticulously maintained two-bedroom apartment offers an exceptional lifestyle or investment opportunity right in the absolute centre of Parramatta. Boasting a spacious, sun-drenched floor plan and an unbeatable walk-to-everything location, this property defines low-maintenance city living.  A large, bright open-plan living and dining zone seamlessly links to an expansive balcony—ideal for alfresco dining and weekend relaxation.   For the home chef—a rare, full-sized kitchen complete with stone bench tops, a gas cooktop, and excellent storage options.  Enjoy a spacious master bedroom featuring its own private ensuite and direct, independent door access to the main balcony.  A generous second bedroom fitted with large, double built-in robes plus a study nook.  Total Comfort & Security: Equipped with reverse-cycle split-system air conditioning, intercom access, and a secure undercover car space.  Approximately 50M – James Ruse Reserve (water playground, skate park, slides) & Robin Thomas Reserve cricket ground right opposite 160M – Parramatta Light Rail stop 160M – Parramatta Public Primary School & Arthur Phillip High School 400M – Harris Park ""Little India"" dining and shopping precinct 560M – Parramatta Railway Station & Bus Interchange 560M – Woolworths Metro on George Street 800M – Westfield Parramatta Shopping Mall 800M – Parramatta Square & the new Metro Station 800M – Macarthur Girls High School 800M – Parramatta Ferry Wharf 800M– Parramatta River & scenic cycle tracks  Disclaimer: All information provided is from sources deemed reliable. However, accuracy cannot be guaranteed, and interested parties should conduct their own enquiries. Images are for illustrative purposes only and may not represent the final product or finishes.",https://www.domain.com.au/11-32-hassall-street-parramatta-nsw-2150-2020925402,y
PAR-017,Parramatta,2150,C26/88-98 Marsden Street,552000.0,2026-08-27,privateTreaty,Apartment,2,2,1.0,4,20.15,,0,0,"Set on the top floor of a well-maintained full brick security complex, this spacious two-bedroom apartment offers a practical layout, excellent privacy and superb convenience just moments from Parramatta CBD.  Enjoy the perfect balance of privacy and convenience, just moments from Parramatta CBD, Westfield Shopping Centre, Parramatta Train Station, Light Rail, restaurants, cafés and local parks. Whether you're a first home buyer, investor or downsizer, this home is an excellent choice.  *For inspection access, please use the King Street entrance.  Features: -Oversized master bedroom featuring a walk-in wardrobe and private ensuite -Spacious open plan living and dining area flowing to the kitchen -Modern kitchen with gas cooking, dishwasher and a brand-new rangehood -Timber flooring throughout for easy maintenance -Full-size internal laundry with walk-in storage -Secure basement car space -Full brick construction in a secure complex  Location Highlights: -Approx. 350m to Parramatta High School -Approx. 1.1km to Parramatta West Public School -Minutes to Parramatta CBD -Easy access to Westfield Parramatta -Close to Parramatta Train Station, Light Rail and bus interchange -Near parks, restaurants, cafés and the Parramatta River precinct  Rates (Approx.) Council: $345 per quarter Water: $208 per quarter Strata: $1,023 per quarter  Disclaimer: The information contained in this listing has been provided to Ray White Everest Group by third parties. While all care has been taken to ensure the accuracy of the information, we do not accept any responsibility for its accuracy and do no more than pass it on. Interested parties should rely on their own enquiries and seek independent advice as required.",https://www.domain.com.au/c26-88-98-marsden-street-parramatta-nsw-2150-2020939108,y
PAR-018,Parramatta,2150,401/6 River Road West,540000.0,2026-08-30,privateTreaty,Apartment,2,2,1.0,4,18.49,,0,0,"Positioned in a sought-after riverside setting, this light-filled modern residence offering the perfect blend of comfort, convenience and lifestyle. Located just moments from Parramatta CBD, public transport, local parks, riverside walking tracks, schools & Shopping, this home offers exceptional convenience for owner-occupiers and investors alike.  - Bright & Spacious open-plan living and dining area - Modern kitchen with gas cooking and quality appliances - Spacious two bedrooms with built-in wardrobes provide comfort and privacy - Newly installed timber flooring for enhanced comfort and exceptional quality - Modern bathroom equipped with bathtub and shower - Private balcony with river view, pleasant outlook ideal for entertaining  - Secure underground parking with additional storage space - Ducted air conditioning throughout, ensuring comfort year around - Close to Parramatta CBD, transport, schools, parks, and shopping",https://www.domain.com.au/401-6-river-road-west-parramatta-nsw-2150-2020953991,y
PAR-019,Parramatta,2150,41/3 Good Street,641000.0,2026-08-21,privateTreaty,Apartment,2,2,1.0,4,20.65,,0,0,"Positioned on the third floor of a secure and sought-after complex, this beautifully brand new renovated apartment offers a fresh contemporary feel with quality finishes throughout. Showcasing sunlit interiors, a desirable westerly aspect, generous proportions and a versatile floorplan, this home delivers effortless modern living just moments from Parramatta's vibrant CBD, transport, parks and amenities. The property also features:  - Fully renovated throughout with stylish modern finishes - Spacious open plan living and dining area with timber flooring and air conditioning - Contemporary kitchen featuring stone benchtops, quality appliances, dishwasher and ample storage - Two generously sized bedrooms with built-in wardrobes - Master bedroom with ensuite, air conditioning and balcony access - Renovated main bathroom with floor-to-ceiling tiles, separate bathtub and shower - Large wrap-around balcony offering leafy district views - Versatile multipurpose room ideal as a home office, media room, family retreat or additional living area - Secure basement car space  - Secure complex, indoor swimming pool, spa, gym & rooftop entertainment area - Conveniently located within a short stroll to Westmead & Parramatta stations, T-way bus, Parramatta Park, hospitals, local shops & reputable schools including Parramatta High School Catchment",https://www.domain.com.au/41-3-good-street-parramatta-nsw-2150-2020959193,y
PAR-020,Parramatta,2150,5/30-32 Queens Avenue,680000.0,2026-08-28,privateTreaty,Apartment,2,1,1.0,3,19.41,,0,0,"Nestled within the highly sought-after Parramatta River Precinct, this spacious apartment combines lifestyle, convenience and long-term growth potential in one of Parramatta's most tightly held residential pockets. Surrounded by quality schools, riverside parklands and family-friendly amenities, residents will enjoy effortless access to Parramatta CBD, the upcoming Powerhouse Museum, Light Rail, Parramatta Square and world-class dining and entertainment options. Offering the perfect balance of connectivity and lifestyle, this is an exceptional opportunity for young families, professionals and investors looking to secure a foothold in Parramatta's evolving city centre.  - Boutique double-brick complex comprising only eight apartments. - Dual balconies with bright, desirable east and west-facing aspects. - Spacious living and dining areas with a flow to a private balcony.  - Large covered balconies offering privacy and outdoor enjoyment. - Light-filled kitchen featuring gas cooking and ample storage. - Two generous bedrooms with balcony access and air conditioning. - Walk-in wardrobe to one bedroom and built-in wardrobe to the other. - Modern bathroom with separate bathtub and shower screen. - Three split-system air conditioners throughout the apartment. - Remote lock-up garage with storage plus visitor parking onsite. - Investor's note: Potential rental income of $630pw - $650pw.  Location Highlights: - Direct access to Parramatta CBD via a footbridge. - 350m walk to Parramatta Wharf. - 800m walk to the upcoming Powerhouse Museum. - 850m walk to the upcoming Parramatta Metro. - 1km walk to Parramatta Train Station & Bus Hubs.  Disclaimer: This advertisement is a guide only. Whilst all information has been gathered from sources we deem to be reliable, we do not guarantee the accuracy of this information, nor do we accept responsibility for any action taken by intending purchasers in reliance on this information. No warranty can be given either by the vendors or their agents.",https://www.domain.com.au/5-30-32-queens-avenue-parramatta-nsw-2150-2020960907,y
PAR-021,Parramatta,2150,D603/1 Broughton Street,680000.0,2026-08-25,privateTreaty,Apartment,2,2,1.0,4,18.77,,0,0,"Positioned on Level 6 of the highly regarded Promenade riverside development, this beautifully designed two-bedroom plus study apartment delivers the perfect combination of space, natural light and lifestyle convenience.  Enjoying an east-facing aspect, the apartment welcomes the morning sun while offering a practical floorplan featuring generous open-plan living, two well-separated bedrooms, a dedicated study area, and a spacious entertaining balcony.  Whether you're a first home buyer, downsizer or investor, this contemporary residence offers exceptional value in one of Parramatta's fastest-growing lifestyle precincts.  Property Features: - Two spacious bedrooms with built-in wardrobes  - Master bedroom complete with ensuite  - Dedicated study area ideal for working from home  - Spacious open-plan living and dining area  - Large east-facing undercover balcony perfect for entertaining  - Contemporary kitchen featuring stone benchtops, gas cooking and quality appliances  - Two stylish bathrooms with premium finishes  - Internal laundry  - Split-system air conditioning  - Secure basement car space with storage cage & a lot of visitor parking - Video intercom and lift access  - Access to residents' gym, BBQ facilities, landscaped gardens and children's playground   Location Highlights - Moments from Parramatta River foreshore and walking trails  - Walking distance to Parramatta Wharf (RiverCat)  - Easy access to Parramatta Light Rail  - Close to Parramatta Train Station and Bus Interchange  - Minutes to Westfield Parramatta  - Close to Parramatta Square, restaurants and cafés  - Near Western Sydney University  - Easy access to CommBank Stadium  - Convenient access to major arterial roads including the M4 Motorway   Offering generous proportions, quality finishes and an unbeatable riverside location, this apartment presents an outstanding opportunity to secure a stylish home or a quality investment in one of Sydney's most dynamic growth precincts.",https://www.domain.com.au/d603-1-broughton-street-parramatta-nsw-2150-2021029788,y
PAR-022,Parramatta,2150,907/6-10 Charles Street,720000.0,2026-08-25,privateTreaty,Apartment,3,2,1.0,5,19.39,,0,0,"Perfectly positioned in one of Parramatta's most sought-after locations, this beautifully presented apartment offers an outstanding combination of space, lifestyle and convenience. Featuring an extraordinary approximately 80sqm private terrace, stylish timber flooring throughout, and unbeatable access to transport, shopping, dining and quality schools, this is a rare opportunity for both owner-occupiers and savvy investors.  Designed for modern living, the apartment boasts generous indoor and outdoor spaces, making it ideal for entertaining, relaxing or enjoying family life in the vibrant Parramatta CBD.  Property Highlights Huge approximately 80sqm private terrace a rare feature offering exceptional outdoor living and entertaining space. Stylish timber flooring throughout for a modern, low-maintenance lifestyle. Bright and spacious open-plan living and dining area flowing seamlessly to the oversized terrace. Well-appointed kitchen with quality appliances and ample storage. Comfortable bedrooms with built-in wardrobes. Excellent value for money in one of Sydney's fastest-growing metropolitan centres. Unbeatable Location  Enjoy the ultimate convenience with everything at your doorstep:  Short walk to Parramatta Station, Light Rail and the future Metro. Moments to Westfield Parramatta, cafés, restaurants and entertainment. Close to Parramatta Square, CommBank Stadium, parks and the scenic Parramatta River. Easy access to the M4 Motorway and major transport links. Quality Education  Ideally located within easy reach of some of Parramatta's most respected educational institutions, including:  Parramatta Public School Arthur Phillip High School Western Sydney University Parramatta Campus The University of New England Parramatta Future Campus Numerous childcare centres and private schools nearby  Whether you're searching for a stylish home with exceptional outdoor space or a high-value investment in Sydney's thriving second CBD, this apartment delivers an outstanding lifestyle opportunity that is rarely available.  Don't miss this unique opportunity to secure a spacious apartment with one of the largest private terraces in the area. Inspection is highly recommended.",https://www.domain.com.au/907-6-10-charles-street-parramatta-nsw-2150-2021052233,y
PAR-023,Parramatta,2150,17/10-12 Thomas Street,650000.0,2026-08-31,privateTreaty,Apartment,2,1,1.0,3,19.49,,0,0,"Freshly painted and beautifully presented, this spacious full-brick apartment offers a wonderful combination of generous proportions, abundant natural light and everyday convenience. With a practical floorplan, comfortable living spaces and a desirable north-facing aspect, this residence presents an outstanding opportunity for first home buyers, downsizers and astute investors alike.  Property Features: * Generous 98sqm total area * Freshly painted throughout, ready to move straight in * Desirable north-facing aspect with excellent natural light * Two spacious bedrooms, both with built-in wardrobes * Generous open-plan living and dining area * Private balcony, perfect for relaxing or entertaining * Well-appointed kitchen with ample storage * Neat and functional bathroom * Solid full-brick construction * Secure lock-up garage with additional storage room * Well-maintained and established complex * Low-maintenance living with excellent lifestyle appeal * Ideal opportunity for first home buyers, downsizers or investors  Positioned in a highly convenient Parramatta location, the property enjoys easy access to Parramatta CBD, shopping centres, restaurants, public transport, schools and a wide range of everyday amenities.  Combining space, natural light, solid construction and outstanding convenience, this is a home that offers both immediate comfort and strong long-term appeal.  A fantastic opportunity to secure a spacious, move-in-ready apartment in one of Parramatta's most convenient locations.  Outgoings (approx.): Strata: $1,200.05 per quarter Council: $223.00 per quarter Water: $226.20 per quarter  Disclaimer: The information presented has been furnished from sources we deem to be reliable. We have not verified whether or not the information is accurate and do not accept any responsibility to any person and do no more than pass it on. All interested parties should rely on their own enquiries in order to determine the accuracy of this information.",https://www.domain.com.au/17-10-12-thomas-street-parramatta-nsw-2150-2021082491,y
PAR-024,Parramatta,2150,108/125-129 Arthur Street,653000.0,2026-08-21,privateTreaty,Apartment,2,1,1.0,3,18.38,,0,0,"Fully Completed & Ready To Move In An attractive, boutique-scale development by Citibuild Design & Construction Pty Ltd, renowned for quality craftsmanship and proven structural integrity.  Benefit from the changes in negative gearing and capital gains tax.  This popular 2 Bed | 1 Bath | 1 Car configuration is limited to just eight apartments in the building, offering exceptional value, privacy, and sunset views with a delightful day-and-night outlook.   Secure basement car space + private storage unit  High-speed OptiComm fibre internet service  Excellent natural light, privacy, and pleasant outlook  Why Buy at Vista on Arthur?  Developed by a reputable team - developed and built with proven structural integrity and independent quality oversight.  Professionally strata managed by Manu from Ace Body Corporate, Prospect (management commences post-strata registration)  Only 64 apartments attractive boutique scale development with 2 lifts and 2 street security entrances.   Short stroll to Parramatta Light Rail, public transport, Woolworths, cafés, eateries, medical centre, and Rosehill Racecourse  1.3 km walk to Parramatta Train Station & Westfield  Easy access to major arterial roads, including the M4, M2, James Ruse Drive, and Great Western Highway  Close to shared walking and cycle paths, ideal for leisure rides or commuting - with a direct, scenic ride towards Concord",https://www.domain.com.au/108-125-129-arthur-street-parramatta-nsw-2150-2021092190,y
PAR-025,Parramatta,2150,1403/1-3 Valentine Avenue,355000.0,2026-08-28,privateTreaty,Apartment,1,1,1.0,2,19.54,,0,0,"Presenting a fantastic opportunity to secure a set and forget investment with incredible returns located in the Mantra Parramatta building. This one bedroom apartment + parking offers the lucrative option to short term lease with platforms such as Airbnb, Booking.com and more, which allows you to earn on a per nightly basis and capitalise on one of the highest return methods currently available in residential leasing. It also includes the added benefit of being able to be used between bookings if needed.  The apartments estimated net returns are $25,542.72 - $32,774.72 = 7% - 9.1% through a specialised short term leasing company, there is no need to get involved with the management side of things in order to capitalise on the massive returns, let the short term management company handle everything for you and enjoy the income!  - Valuable 14sqm secure car space on title and spacious 50sqm apartment on level 14 - Option to use a specialised short-term leasing agency or continue with the Mantra lease - The perfect property for SMSF, investors or buyers looking for a city pad - Large windows with bright eastern views, ducted air conditioning - Spacious open plan layout, sold furnished and ready to be leased out straight away  - Access to pool, spa, gym, sauna, conference room, onsite restaurant and more - 250m away from Westfield shopping centre and 300m from Parramatta station  Strata Fees Per Qtr: $1,653.60 Water Rates Per Qtr: $208.77 Council Rates Per Qtr: $216.20  * For investment only, the property cannot be lived in.  Call Brenden Taliana on 0402 634 828 or email brenden@sydneycoveproperty.com.  All information contained herein is gathered from sources we deem to be reliable, however, we cannot guarantee its accuracy and interested persons should rely on their own enquiries.",https://www.domain.com.au/1403-1-3-valentine-avenue-parramatta-nsw-2150-2021111750,y
PAR-026,Parramatta,2150,1201/45 Macquarie Street,566000.0,2026-08-28,privateTreaty,Apartment,1,1,1.0,2,20.15,,0,0,"We've been overwhelmed by the amount of interest in similar properties. If you are considering selling, please feel free to get in touch with the expert team at Ray White Parramatta Group to discover how we can achieve the best possible price for you in the shortest time. Our proven marketing strategies, extensive buyer database, and strong local market knowledge consistently deliver outstanding results.  We also offer tailored sales campaigns and a hands-on approach to ensure every property receives maximum exposure and interest. With a dedicated team committed to transparent communication and achieving premium outcomes, you can be confident your property is in the best hands.  CBD PARRAMATTA, LUXURIOUS 5-STAR 1 BEDROOM PLUS STUDY  Enjoying a stylish executive lifestyle in Parramatta's most convenient address and showcasing luxurious living at its finest, this striking architecturally designed 1 bedroom plus study stylish apartment resides on the 12th floor of the landmark building 'V by Crown'.  This apartment features wall-to-wall windows that start in the main carpeted living/bedroom space, a high-end gas kitchen with illuminated mirrored splashbacks, and an immaculate main bathroom with frameless glass shower boasting floor-to-ceiling tiles and double access from both rooms.  Superbly positioned in the heart of Parramatta CBD with all major amenities at the door step, including Westfield Shoppingtown, railway station, famous Church St eateries, Parramatta River & Park, Light Rail & Sydney Metro (under construction), CommBank Stadium and nearby one of the largest urban renewal projects in Australia - Parramatta Square, a World-Class Civic Centre. It features:  - Sun-drenched open plan living/dining with floor-to-ceiling sliding doors opening onto enclosed balcony - Designer kitchen with stone benchtops, gas cooking & stainless steel appliances - Stunning fully-tiled bathroom with recessed vanity & mirrored cabinets - Spacious bedroom with built-in robe & sliding door access to balcony - Separate office/study room with sliding door - European-style internal laundry - Ducted air conditioning, security video intercom & LED downlights throughout - Car space with storage cage - Security building with concierge in foyer & restaurants at the door - Resort facilities with lap pool, sauna, fully equipped gymnasium & games room - Other facilities include library, conference & music rooms, gardens & theatrette  ""Ray White Parramatta Group - Parramatta | Oatlands | Northmead | Greystanes, its directors, employees and related entities believe that the information contained herein is gathered from sources we deem to be reliable. However, no representation or warranties of any nature whatsoever are given, intended or implied. Any interested parties should rely on their own inquiries.""",https://www.domain.com.au/1201-45-macquarie-street-parramatta-nsw-2150-2021115983,y
PAR-027,Parramatta,2150,11/22-24 Tennyson Street,650000.0,2026-08-17,privateTreaty,Apartment,2,2,1.0,4,18.39,,0,0,"Representing outstanding value, this huge third floor dual-key opportunity delivers the ultimate combination of flexibility, convenience, and strong rental return in a highly sought-after pocket of Parramatta. Offering two fully self-contained residences, a large one-bedroom apartment and separate studio apartment, this unique property is a perfect opportunity for investors chasing high yield or a first home buyer looking to offset their mortgage with immediate rental income. With a potential rental income of $980 per week and a 7.5% gross rental yield this will not last long.   Property features: -Large 1-bedroom unit: -Spacious bedroom with built-in -Open plan living and dining space -Modern bathroom -Large kitchen -Secure basement parking with storage cage -Currently leased for: $550pw -Rental potential: $600pw   Spacious studio: -Kitchenette -Light filled bedroom -Clever storage options -Modern bathroom -Currently leased for: $365pw -Rental potential: $380pw   -Combined rental potential of $980pw -Currently returning $915pw -Secure parking -Well-maintained complex -105m2 in total -87m2 internal   Location: -500m to Bus Stop -1km to Western Sydney University -1.6km to Doyle Ground -2.2km to Parra Square and -2.3km to Westfield Parramatta",https://www.domain.com.au/11-22-24-tennyson-street-parramatta-nsw-2150-2020720243,y
PAR-028,Parramatta,2150,53/20 Victoria Road,640000.0,2026-08-13,privateTreaty,Apartment,2,2,1.0,4,19.88,,0,0,"Situated in a sought-after complex, this split-level apartment presents an excellent opportunity for those seeking a convenient Parramatta lifestyle. Offering a practical layout and modern finishes throughout, the home is ideally positioned close to Parramatta CBD, public transport, dining and entertainment options. Combining comfort, lifestyle and location, this is a fantastic opportunity in a thriving city-fringe setting.  Property Features Ground Floor - Spacious open-plan living area with air conditioning - Private balcony accessed from the living room - Separate spacious dining area - Modern kitchen with dishwasher and ample storage and bench space - Internal laundry for added convenience  First Floor - Master bedroom with built-in wardrobe and ensuite - Private balcony access from the master bedroom - Second bedroom with built-in wardrobe - Modern main bathroom with quality finishes  Additional Features - Double glazed windows throughout  - Secure basement car space - Separate storage cage - Rooftop swimming pool - Residents' gymnasium - Sauna facilities - Well-maintained security complex - Convenient location close to Parramatta CBD, transport and amenities - Investors Note currently leased $750pw expired 28/2/26 - Pre purchase strata report available  'Starr Partners Parramatta, its directors, employees and related entities believe that the information contained herein is gathered from sources we deem to be reliable. However, no representation or warranties of any nature whatsoever are given, intended or implied. Any interested parties should rely on their own inquiries'",https://www.domain.com.au/53-20-victoria-road-parramatta-nsw-2150-2020906528,y
PAR-029,Parramatta,2150,1502/88 Church Street,800000.0,2026-08-21,privateTreaty,Apartment,2,2,1.0,4,19.72,,0,0,"Perfectly positioned in the heart of Parramatta, this stylish two-bedroom, two-bathroom apartment offers the ideal combination of comfort, convenience and contemporary living. Thoughtfully designed with a spacious open-plan layout, quality finishes and an abundance of natural light throughout, the home features an expansive balcony for effortless indoor-outdoor entertaining. Sharing just one common wall, it also offers enhanced privacy and a peaceful, quiet living environment.  Residents enjoy exclusive access to an impressive selection of premium building amenities, including a golf simulator, music room and BBQ entertaining area, all conveniently bookable through the resident booking system. Complete with ducted air conditioning, secure basement parking, a storage cage and the peace of mind of a 24/7 on-site building manager/security, this apartment presents an outstanding lifestyle opportunity in one of Parramatta's most desirable locations.  Ideally located just moments from Parramatta Station, Westfield Parramatta, Parramatta Square and the picturesque Parramatta River, this apartment places an outstanding selection of shopping, dining, entertainment and transport options right at your doorstep.  Property Features Include: - Two generous bedrooms, both appointed with built-in wardrobes - Master bedroom complete with a private ensuite - Stylish kitchen featuring quality appliances, stone benchtops and ample storage - Light-filled open-plan living and dining area flowing seamlessly to the oversized balcony - Expansive balcony, perfect for entertaining or relaxing outdoors - Two contemporary bathrooms with quality finishes - Ducted air conditioning throughout for year-round comfort - Shares only one common wall, offering enhanced privacy and a peaceful, low-noise living environment - Secure basement parking with an additional storage cage - Secure building with lift access - 24/7 on-site building manager/security, providing added peace of mind - Exclusive resident access to premium communal facilities, including a golf simulator, music room, BBQ and outdoor entertaining area - All communal facilities are conveniently reserved via the resident booking system - Rental potential of approximately $900 per week  Disclaimer: The above information has been gathered from sources that we believe are reliable. However, we cannot guarantee the accuracy of this information and nor do we accept responsibility for its accuracy. Any interested parties should rely on their own enquiries and judgment to determine the accuracy of this information for their own purposes. Images are for illustrative and design purposes only and do not represent the final product or finishes.",https://www.domain.com.au/1502-88-church-street-parramatta-nsw-2150-2020980839,y
PAR-030,Parramatta,2150,3637/180 George Street,623000.0,2026-08-12,privateTreaty,Apartment,1,1,,2,19.37,,0,0,"Elevated high on level 36 within Parramatta's most prestigious riverfront address, this exceptional one-bedroom sky residence delivers breathtaking panoramic views across the Sydney skyline and world-class resort living in Sydney's fastest-growing CBD. Positioned within the landmark Meriton development at '180 George', this sophisticated residence combines contemporary luxury, lifestyle convenience, and long-term investment appeal in one of Western Sydney's most iconic residential towers.  - Spectacular level 36 position capturing district & Sydney skyline views - Spacious 1 bedroom design, master with built-in wardrobes - Large, north-east facing entertainer's balcony with panoramic outlook - Modern stone kitchen with gas cooking and quality appliances - 40mm Caesar stone benchtops, integrated dishwasher, ducted range hood - Designer bathroom with floor-to-ceiling finishes, frameless glass shower - Marble-look tiles throughout the living area, internal laundry with dryer - Ducted air conditioning, secure lift access and video intercom entry - 20m indoor heated swimming pool, spa and sauna - Outdoor resort-style pool with sun-drenched podium gardens - Fully equipped gymnasium and wellness spaces - Exclusive resident co-working hub with high-speed internet - On-site building management and maintenance teams - Visitor parking and EV charging facilities, dedicated storage cage - Designed by award winning architects Wood Bagot and built by Meriton - Retail, dining and childcare within the complex including Woolworths Metro - Easy access to light rail, ferry, train station and bus services - Everything Parramatta has to offer is at your doorstep - Currently rented at $700 p/w",https://www.domain.com.au/3637-180-george-street-parramatta-nsw-2150-2021009060,y
PAR-031,Parramatta,2150,5/5 Thomas Street,530000.0,2026-08-12,privateTreaty,Apartment,2,1,1.0,3,19.48,,0,0,"TWO-BEDROOM UNIT IN AN UNBEATABLE LOCATION - SOUGHT AFTER RIVER PRECINCT  Positioned in a quiet residential street on the northern fringe of the Parramatta CBD, this well-presented two-bedroom apartment offers comfort, convenience, and outstanding potential. Whether you're a first home buyer, investor, or downsizer, this is an excellent opportunity to secure a property in a highly sought-after location.  Property Features: • Boutique complex of only 8 apartments • Two generously sized bedrooms, with one featuring a mirrored built-in wardrobe • Well-appointed bathroom with separate bath and shower • Spacious open-plan living and dining area flowing onto a sun-drenched north-facing balcony • Functional tiled kitchen with ample cupboard space and electric cooking • Internal laundry  • Undercover car space • Floorboards throughout • Fantastic opportunity to renovate, update, or add value • Currently leased to a long-term tenant, returning $470 per week • Ideal for first home buyers, downsizers, and savvy investors alike  Enjoy the convenience of being close to Parramatta CBD, public transport, local schools, parks, shopping, and a wide range of lifestyle amenities, making this a smart purchase in a thriving location.  Location Highlights: • Approximately 800 m-1 km from Parramatta Square and the city centre  • Parramatta Station (Sydney Trains, Metro West future interchange and bus interchange): approximately 10-15 minutes on foot.  • Easy access to major roads including James Ruse Drive, Great Western Highway, and the M4 Motorway.  • Numerous bus services operate throughout the Parramatta CBD.  • The Parramatta Light Rail corridor is nearby, improving public transport connectivity across Western Sydney • Within walking distance is Parramatta Square, Westfield Parramatta, Church Street dining precinct, Harris Park's renowned Indian restaurant district, Numerous cafés, supermarkets and everyday services in the CBD. • The property falls within catchments including: Bayanami Public School, Macarthur Girls High School  • Nearby tertiary institutions include Western Sydney University  • Close to Westmead hospital, Parramatta Park & CommBank Stadium  Outgoings (per quarter approx.) Strata: $1,300 Council: $335 Water: $212   DISCLAIMER: ""All information contained herein is gathered from sources we believe to be reliable. However, R&W Parramatta cannot guarantee its accuracy and interested persons should rely on their own enquiries"".  *Property photos virtually styled for marketing purposes only*",https://www.domain.com.au/5-5-thomas-street-parramatta-nsw-2150-2021035367,y
PAR-032,Parramatta,2150,138 Railway St,685000.0,2026-08-14,privateTreaty,Townhouse,2,1,1.0,3,20.82,,0,0,"Global real estate wentworthville offer you Two-bedroom townhouse Well located total 6 in the complex. just over 40 metres to the bus stop for Parramatta, Merrylands station. it to suit both first home buyers and investors. Offering a generous living area opening to a covered entertaining balcony, both bedrooms built-in robes in, the home is ready for immediate living or rental, security parking. close to Holroyd Garden & Ollie Webb Reserve, with school only 350 metres away. Ideally positioned for rapid access to both the Parramatta CBD and Merrylands shopping and the station. Easy excess to M4. Feature:  2 bedrooms with built-in robes  Gas kitchen & hot water system   Stainless steel appliances  Quality bathroom plus internal laundry  Security basement parking  Close to transport, school and parks  Council: $325p/q, Water: $170p/q   No Strata  Rented $660p/w  Inspect As advertised or by appointment, please contact 9636 2221  Dhan Rai 0410 575 358",https://www.domain.com.au/138-railway-st-parramatta-nsw-2150-2021075447,y
PAR-033,Parramatta,2150,1001/1A Morton Street,635000.0,2026-08-07,privateTreaty,Apartment,2,2,1.0,4,18.82,,0,0,"Positioned on the ground floor with a prized north-east aspect, this well-designed apartment delivers low-maintenance living with exceptional accessibility. With direct street access to a covered courtyard, a separate study, and flat lift access from the car park, it's an ideal option for downsizers, professionals, or buyers seeking comfort, security, and convenience in a tightly held riverside pocket.  - Both bedrooms feature built-in wardrobes & an ensuite to the master - North-east facing ground-floor apartment with a courtyard access - Open-plan living area filled with natural light & access to balcony - Separate study room ideal for work-from-home flexibility - Open-plan gas kitchen with ample bench space and storage - Ducted air conditioning, intercom, and secure building access - Internal laundry with dryer plus additional internal storage - Tiled living areas with carpeted bedrooms for added comfort - Flat entry and lift access from the car park, ideal for downsizers - Easy access to Parramatta CBD via the Light Rail & River walk - Investor's note: Strata of $1,236.49 p.q. / potential rent 730pw.  Inspection note: Enter via building 1, parking available on Morton Street.  Disclaimer: This advertisement is a guide only. Whilst all information has been gathered from sources we deem to be reliable, we do not guarantee the accuracy of this information, nor do we accept responsibility for any action taken by intending purchasers in reliance on this information. No warranty can be given either by the vendors or their agents. Some images have been digitally styled for illustrative purposes and may not represent the property's current furnishings or layout.",https://www.domain.com.au/1001-1a-morton-street-parramatta-nsw-2150-2020588572,y
PAR-034,Parramatta,2150,12/37 Fennell Street,695000.0,2026-07-31,privateTreaty,Apartment,3,1,1.0,4,19.97,,0,0,"Positioned in one of Parramatta's most convenient and highly sought-after pockets, this spacious three-bedroom apartment presents an exceptional opportunity for first home buyers, growing families, and astute investors alike. Offering a practical floorplan, low-maintenance living, and outstanding lifestyle appeal, you'll enjoy being just moments from Parramatta Park, Western Sydney University, light rail, and the vibrant Parramatta CBD.  Property Features:  -Spacious three-bedroom apartment with a practical, low-maintenance layout -Bright open-plan living and dining area flowing onto a private covered balcony, perfect for relaxing or entertaining -Well-appointed kitchen featuring generous bench space, ample storage, and a dishwasher -Central bathroom complemented by a 1.5 secure lock-up garage -Ideal opportunity for first home buyers, families, or investors seeking strong rental appeal -Unbeatable location within walking distance to the Light Rail, bus services, local shops, cafés, restaurants, and Parramatta Park -Only minutes to Parramatta CBD, Westfield Shopping Centre, Western Sydney University, schools, and a wide range of everyday amenities  Combining space, convenience, and exceptional value in a thriving lifestyle location, this is an opportunity not to be missed.",https://www.domain.com.au/12-37-fennell-street-parramatta-nsw-2150-2020705495,n
PAR-035,Parramatta,2150,C19/88 Marsden St,520000.0,2026-08-07,privateTreaty,Apartment,2,2,1.0,4,20.15,,0,0,"Entrance via King Street !  Positioned on the middle floor of a highly sought-after complex, this well-presented two-bedroom apartment offers a practical layout, light-filled interiors, and a desirable west-facing aspect. Perfectly suited for those who value convenience, it presents an outstanding opportunity to enjoy a vibrant, walk-everywhere lifestyle in the heart of Parramatta.  Spanning a total living area of approximately 90 sqm2, the apartment is thoughtfully designed for comfort and functionality. The modern kitchen features gas cooking, stainless steel appliances, dishwasher, and ample storage, while the good size open-plan living and dining area flows seamlessly onto a private balcony-ideal for relaxing.  Both bedrooms are well-proportioned, with the substantial master suite offering a walk-in robe and private ensuite. A full-sized main bathroom, complete with separate bath and shower, adds further appeal.  Additional features include an internal laundry with dryer, secure car space, and a well-maintained security complex ensuring peace of mind.  Ideally located just moments from Parramatta Station (with express city trains), the Light Rail, upcoming Metro, Westfield Shopping Centre, reputable schools, and local parks, this apartment delivers exceptional lifestyle convenience and connectivity.  Features:  Combined lounge and dining area opening onto a spacious balcony Modern kitchen with stainless steel appliances and gas cooking Two well-sized bedrooms, master with walk-in robe and ensuite Full main bathroom with separate bath and shower West-facing balcony with pleasant outlook Internal laundry with dryer Secure car space within a well-maintained complex  Outgoings (approx.): Council Rates: $345.00 per quarter Water Rates: $212.00 per quarter Strata Admin: $673.00 per quarter Capital Works Fund: $350.90 per quarter  Year Built: May 2006  STLYLED IMAGES FOR MARKETING PURPOSES ONLY!  A must to inspect!  Disclaimer: All information in this advertisement is provided by third parties and is believed to be accurate at the time of publication; however, no warranty is given as to its accuracy. Rana Property Group accepts no liability for any errors, omissions, or misstatements, whether due to misprints or otherwise. Interested parties must rely on their own enquiries. Images are supplied by CoreLogic and remain the property of CoreLogic (images are for marketing purposes only). Rana Property Group acknowledges CoreLogic's intellectual property rights.",https://www.domain.com.au/c19-88-marsden-st-parramatta-nsw-2150-2020812615,y
CAM-001,Campbelltown,2560,12 Valinda Crescent,950000.0,2026-08-10,privateTreaty,House,3,1,1.0,4,41.52,,0,0,"Set on a generous 645sqm block in the heart of Campbelltown, this neat three-bedroom home is ready to move straight in. Offering excellent potential for a granny flat (STCA) and conveniently located close to all essential amenities, this is an opportunity not to be missed.  Property features include:  Three well-sized bedrooms, including built-in robe to the main  Spacious living area with polished timber flooring and combustion fireplace  Functional kitchen with ample storage and adjoining dining area  Neat bathroom with separate bath and shower, plus separate toilet  Large enclosed outdoor entertaining area/sunroom  In-ground swimming pool  Expansive backyard with excellent granny flat potential (STCA)  Approx. 645sqm block   Single garage with drive-through/side access potential  Set in a quiet street close to local schools, shops, parks and public transport, 12 Valinda Crescent, Campbeltown is a must to inspect.   DO YOU NEED TO SELL IN ORDER TO BUY? Call Jeff Thompson on 0418 831 113 today for a free, no-obligation appraisal.  Disclaimer: All information contained herein is gathered from 3rd party sources we believe reliable. We have no reason to doubt the accuracy of this information however we cannot guarantee it. All interested parties should make and rely upon their own enquiries.",https://www.domain.com.au/12-valinda-crescent-campbelltown-nsw-2560-2020786434,y
CAM-002,Campbelltown,2560,11/39 Chamberlain Street,610000.0,2026-08-14,privateTreaty,Apartment,2,2,1.0,4,41.72,,0,0,"Discover the perfect blend of style and convenience in this spacious two-bedroom garden apartment, boasting an impressive 152m2 on title. Nestled in the sought-after Building, this residence is just moments away from Campbeltown Station, short stroll schools, parks, and shops, including Campbelltown Mall. Experience the ideal combination of comfort and a prime location that elevates your lifestyle.  Two generous bedrooms with built in robes to both rooms An inviting garden courtyard, with deep terrace that's perfect to enjoy your morning coffee or host friends.  An impressive open-plan design offers defined lounge and dining areas. A stylish modern kitchen that serves as the heart of the home. High ceilings, A/C and hybrid flooring Contemporary bathrooms design along with separate internal laundry facilities for added convenience. Car space plus storage North facing offering an abundance of natural light Pet-friendly complex, intercom, lift access & visitor parking   ** We have, in preparing this document, used our best endeavours to ensure that the information contained herein is true and accurate to the best of our knowledge. Prospective purchasers should make their own enquiries to verify the above information.",https://www.domain.com.au/11-39-chamberlain-street-campbelltown-nsw-2560-2020850898,y
CAM-003,Campbelltown,2560,16 Austin Avenue,980000.0,2026-08-11,privateTreaty,House,4,3,1.0,7,42.71,,0,0,"Set in an elevated position with leafy district views, this spacious family home is designed for buyers seeking more than just the basics. Offering multiple living zones across two levels, the home delivers exceptional flexibility for growing families and avid entertainers alike.   Outdoors, a large, covered balcony captures water views and overlooks the resort-style in-ground swimming pool and BBQ area, creating the perfect setting for relaxed family living.  The main living area is bright, spacious, and inviting, flowing seamlessly onto the elevated upstairs balcony to create an effortless indoor-outdoor lifestyle. It's a space perfectly suited to everyday family living while also providing an impressive setting for entertaining guests.  At the heart of the home, the updated kitchen features crisp white cabinetry, a subway-tile splashback, and a large island bench with breakfast seating. With generous bench space and a fresh neutral palette, the kitchen offers both practicality and modern appeal for families seeking move-in-ready comfort.  The adjoining dining area continues the home's sense of openness, enhanced by easy-care flooring, abundant natural light, and direct balcony access. The thoughtful layout creates clear separation between living, dining, and entertaining spaces while maintaining excellent flow throughout the home.  Accommodation comprises four generously sized bedrooms, all offering good natural light, ceiling fans, and comfortable proportions. The main bedroom is complemented by a beautifully renovated ensuite bathroom. The stylish main bathroom further enhances the home, featuring a freestanding bath, walk-in shower, frameless glass, matte black fittings, white wall tiles, and grey floor tiles.  A standout feature of the property is the downstairs rumpus and games room, complete with ample space for a pool table, bar-style setup, and casual entertaining, along with its own bathroom. This versatile area is ideal for families with teenagers, buyers who love to entertain, or households needing additional separation and flexibility.  Outside, the large, covered balcony overlooks the rear yard and pool area, offering a peaceful place to relax and enjoy the outlook. The in-ground swimming pool, paved surrounds, covered outdoor entertaining area, and established backyard combine to create a true family-friendly retreat with strong entertaining appeal.  Adding further practicality, the property also features a huge under-house sub-floor storage area, providing excellent flexibility for tools, equipment, hobbies, or additional storage needs.  Currently leased to great tenants paying $720.00 per week, can be sold with or without vacant possession.   HIGHLIGHTS - Elevated position with leafy district - Spacious family home with multiple living zones across two levels  - Large elevated, covered balcony overlooking inground pool  - Bright open-plan living flowing seamlessly to outdoor spaces  - Updated kitchen with crisp white cabinetry and island bench  - Subway-tile splashback and breakfast seating  - Four generous bedrooms with ceiling fans and natural light  - Renovated ensuite to the main bedroom  - Stylish main bathroom with freestanding bath and walk-in shower  - Downstairs rumpus/games room with bar-style entertaining space  - Additional bathroom servicing the lower level  - Resort-style in-ground swimming pool with paved surrounds  - Covered outdoor entertaining and BBQ area  - Established family-friendly backyard  - Huge under-house sub-floor storage area  - Ideal layout for large or growing families  - Excellent separation between living, dining, and entertaining zones  - Move-in ready with modern updates throughout  LOCATION  400m to St Patrick's College Campbelltown  1.3km to Sherwood Hills Christian School  2.2km to Campbelltown Hospital   2.0km to Campbelltown Train Station  1.4km to Campbelltown East Public School    * Harcourts has made every effort to obtain the information regarding these listings from sources deemed reliable. However, we cannot warrant the complete accuracy thereof subject to errors, omissions, change of price, prior sale or withdrawal without notice.",https://www.domain.com.au/16-austin-avenue-campbelltown-nsw-2560-2020871506,y
CAM-004,Campbelltown,2560,73/2-10 Tyler Street,597000.0,2026-08-24,privateTreaty,Apartment,2,2,1.0,4,41.58,,0,0,"Open home cancelled.  Total Area 122m2 | Internal 92m2 | Balconies 11m & 4m2 | Parking 14m2 | Storage 1m2   Situated in a great location this premium North/South facing level apartment will impress all buyers with its quality design and large floor plan.   This apartment has been renovated with floating floors, downlights, new blinds and all freshly painted. The New kitchen is ultra-modern complete island bench and tiled splashback, stainless steel appliances, dishwasher, gas/electric cooking.   This kitchen has an abundance of storage and excellent bench space for food preparation. This apartment can be climate controlled with three split system reverse cycle air conditioners to the living area and both bedrooms.   Large glass sliding doors lead out onto a generous sized balcony with BBQ gas outlet, perfect for those nights of outdoor dining and entertaining.   The apartment has a great space for your home office with new additional cupboards fitted to utilize the space.   Accommodation consists of 2 spacious bedrooms, both featuring mirrored built in wardrobes. The master bedroom has it owns ensuite bathroom, and parents retreat ideal for unwinding after a long day.  The apartment is complete with a modern and stylish main bathroom with floor to ceiling tiling.  The complex is secure with auto swipe building entry, security intercom + secure basement parking to the single car space with remote access and storage cage.   The Apartment is Centrally located within 1.1km, 15-minute walk to the Campbelltown Train station, Campbelltown Mall 1.7km, 20-minute walk, 3.5km to Macarthur Square Shopping Centre, 4.6km to Western Sydney University and easy access to the motorway just 4.3km. Both private and public hospitals are also within close proximity.   * Harcourts has made every effort to obtain the information regarding these listings from sources deemed reliable. However, we cannot warrant the complete accuracy thereof subject to errors, omissions, change of price, prior sale or withdrawal without notice.",https://www.domain.com.au/73-2-10-tyler-street-campbelltown-nsw-2560-2020871621,y
CAM-005,Campbelltown,2560,13/102 Dumaresq Street,386500.0,2026-08-30,privateTreaty,Apartment,2,1,1.0,3,42.65,,0,0,"Positioned within a well-maintained complex, this light-filled apartment presents an excellent opportunity for first-home buyers, investors or those seeking a low-maintenance lifestyle in a convenient location.  Designed with practicality in mind, the apartment offers a functional floor plan complemented by good natural light and comfortable living spaces throughout. The kitchen is positioned separately from the main living area, creating a clear distinction between cooking and entertaining zones. Featuring ample bench space, overhead cabinetry, electric cooking and a double sink, it provides everything needed for everyday convenience.  The open-plan living and dining area is inviting and easy to furnish, with a large window allowing natural light to stream inside while enhancing the sense of space. Flowing directly from the living area, the adjoining balcony offers a pleasant outdoor retreat and the perfect spot to enjoy fresh air or a morning coffee.  Accommodation is well catered for with generously sized bedrooms, complete with built-in storage and soft carpet underfoot. The versatile layout will appeal to a range of buyers, whether you're looking to move in, lease out, or secure an affordable entry into the market.  The bathroom is neat and functional, while also offering potential for future updates to add value over time.  Set within a traditional brick complex with shared outdoor spaces and on-site parking, the property delivers a practical and affordable lifestyle with all the essentials in place.  Offering comfortable living, low-maintenance appeal and outstanding potential, this is a fantastic opportunity to secure a well-positioned apartment that represents excellent value in today's market.  * Harcourts has made every effort to obtain the information regarding these listings from sources deemed reliable. However, we cannot warrant the complete accuracy thereof subject to errors, omissions, change of price, prior sale or withdrawal without notice.",https://www.domain.com.au/13-102-dumaresq-street-campbelltown-nsw-2560-2020894720,y
CAM-006,Campbelltown,2560,66/17 Warby Street,522000.0,2026-08-26,privateTreaty,Apartment,2,1,1.0,3,41.88,,0,0,"Enjoy privacy and style in this modern apartment, located in a secure complex. Whether you're a first-home buyer, downsizer, or investor, this property offers unbeatable convenience. - Open-plan lounge, dining with high ceilings, roller blinds and split-system aircon. - Modern kitchen with ample storage and gas cooking. - Two spacious bedrooms with built-ins; plantation shutters, master with ensuite & balcony access - Private balcony, perfect for entertaining - Secure basement car spot with intercom entry. - Campbelltown Mall & train station located within a short distance   DISCLAIMER: All information contained herein is gathered from sources we consider to be reliable. However we cannot guarantee or give any warranty about the information provided and interested parties must solely rely on their own enquires.",https://www.domain.com.au/66-17-warby-street-campbelltown-nsw-2560-2020942718,y
CAM-007,Campbelltown,2560,35/17 Warby Street,515000.0,2026-08-26,privateTreaty,Apartment,2,1,1.0,3,41.85,,0,0,"""The open-plan design and expansive balcony make this apartment a perfect blend of comfort and style."" Builder  - Bedrooms: Two well-positioned bedrooms offering privacy and tranquility. - Bathrooms: One centrally located bathroom with modern fixtures. - Kitchen: Open-plan layout with ample built-in storage, seamlessly integrated with the living and dining areas. - Living and Dining Areas: Spacious and open, flowing effortlessly to the large balcony, perfect for entertaining. - Outdoor Spaces: Generous balcony accessible from the living area, ideal for relaxation and outdoor dining. - Additional Features: Secure basement car space, convenient laundry area. - Location: Situated in a vibrant area with easy access to shops, parks, and public transport, enhancing the convenience of urban living.  Disclaimer: All information contained herein is gathered from sources we believe to be reliable. However, we cannot guarantee its accuracy. We do not accept any responsibility for its accuracy and we do no more than pass it on. Any interested persons should rely on their own enquiries. Some images may include AI-enhanced presentation elements such as lighting or virtual staging. All structural details remain true to the property.",https://www.domain.com.au/35-17-warby-street-campbelltown-nsw-2560-2020992025,y
CAM-008,Campbelltown,2560,11/17 Warby Street,505000.0,2026-09-04,privateTreaty,Apartment,2,1,1.0,3,41.84,,0,0,"Total 112m2 | Internal with balcony 92m2 | Parking 14m2 | Storage 5m2   Perfectly positioned in the heart of Campbelltown, this immaculately presented two-bedroom apartment offers an outstanding opportunity for first homebuyers and down-sizers.  Whether you're taking the first step onto the property ladder, building your investment portfolio, or seeking a low-maintenance lifestyle for the next chapter, this apartment delivers on every front.  Inside, a spacious open-plan living area, flowing seamlessly out to a generously sized light filled, North facing balcony, the ideal spot to relax or fire up the BBQ.  The well-appointed kitchen offers ample cupboard and bench space, complemented by gas cooking and a dishwasher for effortless entertaining. Both bedrooms are generously proportioned and fitted with built-in robes, while the modern bathroom and internal laundry add everyday practicality.  Adding to the appeal is the unbeatable convenience of the location, with everything from shops and cafes to transport and amenities just a short stroll away. Complete with lift access, intercom entry and your own lockable storage room, this apartment ticks every box for buyers seeking comfort, convenience and lifestyle in one exceptional package.  Features Include: - Two generously proportioned bedrooms with built-in robes - Fantastic North facing balcony with living area access and space for a BBQ - Spacious open-plan living with abundant natural light - Well-appointed kitchen with ample cupboard and bench space - Dishwasher - Gas cooking - Internal laundry - Modern bathroom - Split system air conditioning to lounge - Intercom - Lift access - Own lockable storage room  * Harcourts has made every effort to obtain the information regarding these listings from sources deemed reliable. However, we cannot warrant the complete accuracy thereof subject to errors, omissions, change of price, prior sale or withdrawal without notice.",https://www.domain.com.au/11-17-warby-street-campbelltown-nsw-2560-2021004907,y
CAM-009,Campbelltown,2560,42 Hidcote Road,1150000.0,2026-08-14,privateTreaty,Terrace,4,3,2.0,7,44.85,,0,0,"If a granny flat, dual-living arrangement or additional space for extended family is on your property wish list, this versatile Champion Homes residence may offer the flexible solution you've been searching for.  Combining a spacious three-bedroom main residence with a fully detached studio, the property provides valuable separation for families who want to live together while maintaining their own space. It may also appeal to buyers considering guest accommodation, an independent teenage retreat, a home business or possible dual-income use.  Set within the peaceful Macarthur Gardens Estate, this beautifully presented home is surrounded by leafy streets, quality residences and an abundance of green open space, creating a welcoming community you'll love coming home to.  The main residence features three generous bedrooms, including an oversized master suite with a spacious ensuite and walk-in robe. Positioned to capture beautiful bushland views, it provides the perfect parents' retreat.  Multiple living zones, including a separate theatre room, give every member of the household room to relax, entertain or enjoy time together.  At the heart of the home is an expansive kitchen featuring quality appliances, a built-in microwave, dishwasher, extensive bench space and excellent storage. Overlooking the dining and outdoor entertaining areas, it allows you to remain connected with family and guests while preparing meals.  Outside, the low-maintenance backyard leads to a fully detached studio. Its separation from the main residence makes it an appealing option for multi-generational families, adult children, independent teenagers, visiting relatives, those working from home or buyers seeking a property that may accommodate more than one household arrangement.  For purchasers searching the market for a granny flat or dual-living property, this home offers a versatile alternative that may suit your family, lifestyle or income needs.  A double lock-up garage completes the property, while its outstanding location provides easy access to shopping, transport, education and recreation.  With beautiful bushland surrounds, walking trails, family-friendly parks and a vibrant community atmosphere, Macarthur Gardens has become one of the region's most desirable places to call home.  Features You'll Love >Quality-built Champion Homes residence >Three spacious bedrooms in the main home >Oversized master suite with bushland views, ensuite and walk-in robe >Multiple indoor living areas >Separate theatre room >Expansive kitchen with quality appliances and excellent storage >Fully detached studio providing valuable privacy and separation >An appealing alternative for buyers searching for a granny flat >Ideal for multi-generational or extended-family living >Flexible options for adult children, teenagers, guests or working from home >Possible dual-living or dual-income use >Low-maintenance backyard >Double lock-up garage >Convenient access to shopping, transport, education and parklands  Offering space, separation and outstanding versatility, this is a home that can adapt to your family's needs today while providing exciting possibilities for the future.  >Conveniently Located >Approximately 900m to Macarthur Square Shopping Centre >Approximately 1.2km to Macarthur Train Station >Approximately 2.4km to Western Sydney University's Campbelltown Campus >Less than 150m to the brand-new neighbourhood park and playground   NOTE: In preparing this, we have used reasonable endeavours to provide information that is true, however it is provided on the basis that readers will be responsible for making their own assessment of the information and are advised to verify all relevant representations, statements and information. All photographs and images are representative only, for marketing purposes.",https://www.domain.com.au/42-hidcote-road-campbelltown-nsw-2560-2021017085,y
CAM-010,Campbelltown,2560,84/18-22 Broughton Street,630000.0,2026-08-28,privateTreaty,Apartment,2,2,1.0,4,42.12,,0,0,"8th Level | Internal 96m2 | Balcony 27m2 | Car 14m2 | Total 140m2  This generously proportioned adaptable unit on level 8 has an open plan layout with a stunning morning sun east facing aspect.  This apartment features a well-designed kitchen with polyurethane joinery, stone bench tops, stainless steel appliances including gas/electric cooking and the convenience of a dishwasher.  Large light-inviting glass plated sliding doors invite the morning sun, opening seamlessly onto balcony the perfect place for entertaining with family and friends. The apartment can be climate controlled with reverse cycle air conditioning. There is a large balcony that wraps around the whole appartment.  The bedroom areas includes two king sized bedroom. Both of these rooms with large mirrored built in robes the main with ensuite. Balcony access from the 2nd bedroom. There is large main bathroom finished with floor to ceiling tiling.  Security intercom and secure basement parking with oversize parking spot.  'Phillip Square' is one of the tallest building in Campbelltown and is constructed in the heart of the CBD and only 150m walk to Campbelltown railway station.  'Phillip Square' has been beautifully designed with a state of the art 'green wall' extending 8 floors on the front facade. Purposely designed by the project architect to create the illusion that 'Phillip Square' is two separate towers when in fact it is one u-shaped building with a light inviting atrium located behind the green wall.  'Phillip Square' is the first apartment building to be constructed in Campbelltown with full fire rated sprinkler systems installed to all apartments.  'Phillip Square' is designed over 10 floors with 2 car parking basement levels. 'Phillip Square consists of 92 residential apartments plus 3 ground floor retail/commercial titles at street level with retail/commercial parking behind at street level.  The Campbelltown city skyline has been transformed by 'Phillip Square', and has become Macarthur's most iconic and bold residential high-rise building.  * Harcourts has made every effort to obtain the information regarding these listings from sources deemed reliable. However, we cannot warrant the complete accuracy thereof subject to errors, omissions, change of price, prior sale or withdrawal without notice.",https://www.domain.com.au/84-18-22-broughton-street-campbelltown-nsw-2560-2021025978,y
CAM-011,Campbelltown,2560,5/32 Broughton St,620000.0,2026-08-17,privateTreaty,House,3,1,1.0,4,42.1,,0,0,"Presenting a private, low maintenance three bedroom townhouse featuring three bedrooms, one bathroom and a single garage. Positioned within a complex of only five townhouses within close proximity to all of Campbelltownâs conveniences - Three bedrooms, built in robe to main - Combined Living and dining area with aircon - Original, functional kitchen with electric appliances - Internal laundry, downstairs powder room - Single garage with internal access - Low maintenance front and rear yards  DISCLAIMER: All information contained herein is gathered from sources we consider to be reliable. However we cannot guarantee or give any warranty about the information provided and interested parties must solely rely on their own enquires.",https://www.domain.com.au/5-32-broughton-st-campbelltown-nsw-2560-2021034182,y
CAM-012,Campbelltown,2560,8/30 Broughton Street,637595.0,2026-08-24,privateTreaty,Townhouse,2,1,1.0,3,42.08,,0,0,"Tucked at the rear of a small, well-kept complex, this two bedroom townhouse offers the space and privacy of a standalone home without the upkeep. It also offers the biggest courtyard in the whole complex. Currently leased at $480 per week until December, it's a set-and-forget addition for investors, with the option to move in once the lease expires, it's a smart option for first home buyers, downsizers or investors alike.  * Two generous upstairs bedrooms, split system air conditioning in main with built-in wardrobe, renovated family bathroom with separate bath and shower * Open-plan lounge and dining area downstairs with split system air conditioning, complemented by a well-equipped kitchen with ample storage * Single lock-up garage with internal laundry and a separate downstairs powder room for everyday convenience * Private, low-maintenance courtyard-style backyard with covered patio, joined to its neighbour by garage wall only * Campbelltown Public School, Campbelltown Performing Arts High School and St Peters Anglican Grammar and College are close by * Moments to Campbelltown station and The Mall, plus Macarthur Square for shopping, dining and entertainment  With its own sense of space and privacy, this home offers the best of both worlds - With a reliable tenant already in place and strong rental returns in the area, this is a low-maintenance investment opportunity with genuine long-term appeal living in a location that puts everything within easy reach.",https://www.domain.com.au/8-30-broughton-street-campbelltown-nsw-2560-2021042540,y
CAM-013,Campbelltown,2560,61 Macquarie Avenue,970500.0,2026-08-28,privateTreaty,House,4,2,2.0,6,41.19,,0,0,"Welcome to 61 Macquarie Avenue, Campbelltown  Positioned in one of Campbelltown's most convenient and fast-growing pockets, this charming 4-bedroom residence presents an exceptional opportunity for first-home buyers, growing families, or savvy investors alike.  Set on a generous 669sqm block, this property seamlessly combines indoor comfort with expansive outdoor space-offering room to relax, entertain, or explore future potential  Key Property Highlights • Spacious 4-Bedroom Layout: Light-filled, comfortable bedrooms designed for family living. • Generous 669sqm Allotment: Expansive backyard featuring endless space for kids and pets to play, gardening, or outdoor entertaining. • Functional Living & Dining: A flexible interior floor plan offering welcoming lounge and living areas. • Secure Parking: Dedicated garage / car space with additional driveway parking. • Investor Potential: Prime land size with high tenant appeal and strong yield potential in a high-demand suburban locale. • Private Swimming Pool: Sparkling in-ground pool, ideal for summer relaxation and outdoor family fun.  Key Location Highlights • Walking distance / quick drive to Campbelltown East Public School (670m) & Campbelltown North Public School (700m). • Close proximity to Campbelltown Performing Arts High School, St Peter's Anglican Grammar, and St Patrick's College. • Unbeatable Connectivity: Easy access to Campbelltown Railway Station, local bus services, and major road arterial networks (M5/M7 motorways). • Lifestyle & Amenities: Minutes away from Campbelltown Mall, Macarthur Square Shopping Centre, local cafes, restaurants, medical centers, and Campbelltown Hospital. • Parks & Recreation: Surrounded by family-friendly reserves, sporting fields, and leisure facilities.",https://www.domain.com.au/61-macquarie-avenue-campbelltown-nsw-2560-2021045340,y
CAM-014,Campbelltown,2560,14B Ehrlich Street,735000.0,2026-08-12,privateTreaty,House,2,2,1.0,4,45.03,,0,0,"Nestled within the sought-after Macarthur Heights Estate, this stylish and low-maintenance two-bedroom attached home offers modern living with a practical layout, making it an ideal choice for professionals, couples or investors..  Designed for comfort and convenience, the home features:  > Two generously sized bedrooms, both complete with built-in wardrobes > Private ensuites to both bedrooms, providing added comfort and flexibility > Single lock-up garage with internal access and automatic door > Private courtyard flowing from the downstairs bedroom > Light-filled open plan living and dining area opening onto a balcony > Contemporary kitchen featuring gas cooking and a dishwasher > Split system air conditioning for year-round comfort > Enjoy a low-maintenance lifestyle in a convenient location, close to local parks, Western Sydney University, Macarthur Square, public transport and a range of everyday amenities.   NOTE: In preparing this, we have used reasonable endeavours to provide information that is true, however it is provided on the basis that readers will be responsible for making their own assessment of the information and are advised to verify all relevant representations, statements and information. All photographs and images are representative only, for marketing purposes.",https://www.domain.com.au/14b-ehrlich-street-campbelltown-nsw-2560-2021050852,y
CAM-015,Campbelltown,2560,5B Eddington Road,1030000.0,2026-08-28,privateTreaty,SemiDetached,4,2,1.0,6,45.31,,0,0,"A beautiful ""AS NEW"" family home with impeccable finishes in the greatly sought after luxury estate of Macarthur Heights. This North facing, double story, custom built home will make you the envy of your family and friends with its fantastic layout, location and luxury finishes.  ~ 4 huge bedrooms all with BIRs, high ceilings, ducted A/C, and beautiful floorboards ~ Master Bedroom is full luxury with a Walk in Robe, En-Suite and North Facing balcony ~ En-Suite is decked out with floor to ceiling tiles, stone vanity top and matt black finishes ~ Main bathroom has floor to ceiling tiles, stone vanity top and a free standing tub ~ Formal Lounge off the entry with extra high ceilings and 900x450mm porcelain tiles throughout downstairs ~ Open plan kitchen, dining, family room at the back of the home leads to the tiled outdoor entertainment area and manicured backyard ~ Grand Kitchen with a huge island bench with 60mm stone ""waterfall"" bench top, 900mm gas cooking, ducted range hood, mirrored splash-back and a wrap around butlers pantry ~ Amazing Laundry with built in cupboards, floor to ceiling tiles and stone bench top ~ Solid timber internal doors downstairs with glass inserts and matt black finishes ~ Oversized garage, tons of storage, extra wash closet downstairs, modern matt black finishes, down-lights, ducted A/C and high ceilings throughout ~ Walk to Macarthur Station, Western Sydney University, and Macarthur Square ~ Short distance to M5 motorway, Hume Highway, Campbelltown CBD and The Australian Botanical Gardens  Macarthur Heights is the premier estate for the Macarthur Region with fantastic parks, bike tracks and the absolute perfect location. This stunning, modern home was custom built with top of the line inclusions and will not last long!",https://www.domain.com.au/5b-eddington-road-campbelltown-nsw-2560-2021061730,y
CAM-016,Campbelltown,2560,20/17 Warby Street,570000.0,2026-08-27,privateTreaty,Apartment,2,1,2.0,3,41.84,,0,0,"Total 147m2 | Internal with Balcony 115m2 | Parking & Storage 32m2  Step inside and discover a light, bright and inviting apartment designed for effortless modern living.   From the moment you enter this impressive two-bedroom apartment with a dedicated study, you'll appreciate the thoughtful design and seamless connection between every space. Positioned on the elevated second floor, the apartment enjoys added privacy and reduced street noise, creating a peaceful retreat away from the everyday hustle.   At the heart of the home, the beautifully appointed wall-to-wall galley kitchen combines style and practicality. Quality appliances, stone benchtops, and generous storage make it a space that caters effortlessly to busy everyday living while remaining ideal for entertaining.   The open living area flows naturally outdoors to an expansive, full-width North-facing balcony, complete with a raised planter garden bed. It's the perfect spot to enjoy your morning coffee, unwind at the end of the day or entertain friends in the sunshine.   Both bedrooms are generously proportioned, offering comfort and privacy, with the added convenience of direct balcony access. The dedicated study provides valuable flexibility, whether you need a home office, guest space or simply a quiet place to retreat.   With clever planning throughout, there is no wasted space. Every room connects and flows seamlessly, creating a home that feels both spacious and exceptionally functional.   Combining modern finishes, low-maintenance living and a convenient location close to cafés, parks and public transport, this apartment offers an outstanding lifestyle opportunity for professionals, couples, downsizers, and investors alike.   A home that delivers on comfort, style, and practicality and one that deserves to be seen.   Don't miss your opportunity to make it yours. Contact us today to arrange your private inspection.   * Harcourts has made every effort to obtain the information regarding these listings from sources deemed reliable. However, we cannot warrant the complete accuracy thereof subject to errors, omissions, change of price, prior sale or withdrawal without notice.",https://www.domain.com.au/20-17-warby-street-campbelltown-nsw-2560-2021065534,y
CAM-017,Campbelltown,2560,10 Bilgola Street,950000.0,2026-09-07,privateTreaty,House,3,1,,4,41.94,,0,0,"Positioned on the high side of a quiet street, 10 Bilgola Street, Campbelltown presents an exceptional opportunity for buyers seeking space, location and future potential.  Set on a generous 691m² block with an expansive rear yard, this solid home offers an impressive canvas for renovation, extension or transformation into a contemporary masterpiece (STCA). Whether you are a first-home buyer, investor or visionary renovator, the possibilities here are substantial.  The home features approximately 80m² of internal living space and retains its original character, complemented by a long front veranda that provides the perfect place to relax and enjoy the elevated outlook. The huge backyard offers outstanding scope for outdoor entertaining areas, landscaping enhancements or future expansion.  Conveniently located with public transport at the end of the street and close to schools, parks and shopping facilities, this address combines peaceful living with everyday accessibility.  A rare chance to secure a substantial parcel of land in a well-connected Campbelltown pocket. Bring your imagination and unlock the full potential.  Highlights • 691m² generous block with expansive rear yard • Solid original home with outstanding renovation potential • Approx. 80m² internal floor area • 3 well-sized bedrooms • Single bathroom • Single car space • Long front veranda with elevated outlook • Public transport conveniently located at the end of the street • Ideal opportunity for first-home buyers, investors or renovators  Ready to make it yours? Contact: Bishnu Sapkota: 0416 754 466  Disclaimer: Multi Dynamic Ingleburn has made every effort to ensure that the information provided is accurate and reliable. However, all interested parties are encouraged to conduct their own enquiries and carry out relevant searches. Please note that colours, specifications, and other details may vary slightly from what is shown. We recommend verifying all product information before making a purchase.",https://www.domain.com.au/10-bilgola-street-campbelltown-nsw-2560-2021136723,y
CAM-018,Campbelltown,2560,198 Broughton Street,1160555.0,2026-07-14,privateTreaty,House,6,2,1.0,8,42.02,,0,0,"This well-appointed and generously proportioned residence presents a carefully considered layout across two levels, combining modern updates with substantial outdoor features in a highly convenient Campbelltown location.  At the heart of the home is a light-filled living area, enhanced by its open connection to the dining and meals zones. Large openings allow natural light to flow throughout the main living spaces, creating a bright and welcoming internal environment. The adjoining kitchen is centrally positioned, offering ample bench space and direct access to both indoor and outdoor areas, ensuring seamless everyday functionality.  The home features a renovated bathroom, finished with contemporary fittings, clean lines, and quality materials. The updated design delivers a modern aesthetic while maintaining practicality and comfort.  Accommodation is well distributed across both levels, with multiple bedrooms offering generous proportions and excellent separation. The layout includes additional bathroom facilities, an ensuite, and a dedicated internal laundry, supporting a practical and efficient floorplan.  Outdoor living is a standout feature of the property. A covered, undercover patio provides a sheltered space that connects directly from the home, offering year-round comfort and privacy. This area flows onto a timber deck and pergola, creating a cohesive outdoor setting that overlooks the in-ground swimming pool. The outdoor zones are well defined and thoughtfully arranged, making the most of the block while maintaining a strong sense of openness.  Location & Convenience - Moments from Macarthur Square, offering major retail, dining, and services - Close to Campbelltown Mall - Easy access to Koshigaya Park and surrounding green spaces - Proximity to Campbelltown Public School - Close to Campbelltown Performing Arts High School - Convenient access to Campbelltown Train Station and major road connections  A substantial and well-maintained property offering renovated interiors, exceptional outdoor features, and a practical layout, positioned within easy reach of shopping, transport, parks, and local amenities.",https://www.domain.com.au/198-broughton-street-campbelltown-nsw-2560-2020660023,n
CAM-019,Campbelltown,2560,46 and 46a Farnsworth Avenue,1185000.0,2026-07-27,privateTreaty,House,5,2,2.0,7,42.69,,0,0,"46 & 46A Farnsworth Avenue, Campbelltown presents a fantastic opportunity for investors, extended families, or savvy buyers seeking dual occupancy potential in a convenient location. Full of warmth and character, this property offers a well-appointed main residence alongside a modern 2-bedroom granny flat, delivering flexibility and strong lifestyle appeal.  The main home showcases timeless charm with polished floorboards, ceiling fans, and a functional kitchen complete with ample storage space. Comfortable bedrooms feature built-in wardrobes and soft carpet underfoot, while the bathroom includes a relaxing bathtub ideal for family living. Outside, an expansive grassed yard provides the perfect setting for entertaining, children, or pets to enjoy.  Privately positioned, the contemporary 2-bedroom granny flat is thoughtfully designed with stylish floorboards, downlights, split system air conditioning, and a sleek bathroom featuring floor-to-ceiling tiles. Offering comfort and low-maintenance living, it is ideal for extended family accommodation or rental income potential.  Conveniently located close to local schools, shops, transport, and all essential amenities, this versatile property combines character, comfort, and investment appeal in one outstanding package.  Location Highlights: • Close to schools including St Patrick's College Campbelltown, Campbelltown Public School, Campbelltown East Public School and St Peter's Anglican Grammar • Minutes from major shopping and dining precincts including Macarthur Square, Campbelltown Mall, Marketfair Campbelltown and Campbelltown City Centre • Enjoy nearby parks and outdoor spaces such as Koshigaya Park, Hurley Park, Mawson Park and Marsden Park (Park Central) • Easy access to public transport with Campbelltown train station and Campbelltown Station, Stand A nearby • Conveniently located close to Campbelltown CBD, local cafés, restaurants, medical facilities, and everyday essentials • Positioned within a well-established family-friendly neighbourhood with strong investment and lifestyle appeal  Ready to make it yours? Contact: Bishnu Sapkota: 0416 754 466   Disclaimer: Multi Dynamic Ingleburn has made every effort to ensure that the information provided is accurate and reliable. However, all interested parties are encouraged to conduct their own enquiries and carry out relevant searches. Please note that colours, specifications, and other details may vary slightly from what is shown. We recommend verifying all product information before making a purchase.",https://www.domain.com.au/46-and-46a-farnsworth-avenue-campbelltown-nsw-2560-2020838349,y
CAM-020,Campbelltown,2560,1007/8 Dumaresq Street,525000.0,2026-07-21,privateTreaty,Apartment,1,1,1.0,2,42.72,,0,0,"Discover this stunning near-new apartment, perfectly positioned on the 10th floor of the prestigious 'EIGHT' development. Boasting uninterrupted north-facing district views across the Campbelltown skyline, this stylish residence offers the perfect blend of comfort, convenience and contemporary living.  Light-Filled & Spacious Living Bathed in natural light thanks to its prime north-facing aspect, this beautifully designed apartment delivers an inviting open-plan layout with breathtaking district views. Ideal for investors, first-home buyers and young families alike.  Generous Accommodation: - Extra-large master bedroom with direct balcony access via sliding doors  - Exceptional Outdoor Entertaining - Enjoy seamless indoor-outdoor living with a massive 19m² balcony the perfect year-round retreat for entertaining guests, relaxing in the sunshine, or accommodating pets.  Sleek & Modern Kitchen designed with both style and functionality in mind, the contemporary kitchen features: - Polyurethane cabinetry  - Stainless steel SMEG appliances with gas cooktop  - LED feature lighting  - Finger-pull joinery and pantry storage  - Ample overhead cabinetry   Premium Inclusions: - Ducted air conditioning  - Engineered flooring throughout  - Security intercom entry  - Abundant internal storage plus basement caged storage  - Oversized 13m² secure basement car space  - Resort-Style Living at 'EIGHT'  Experience the luxury of resort-inspired living with exclusive resident amenities including: - Rooftop garden and entertainment precinct  - Community BBQ and lounge areas  - Accessible community bathrooms   Unbeatable Location Conveniently located within walking distance to: - Campbelltown Train Station  - Campbelltown CBD  - Campbelltown Mall  - Macarthur Square   Plus, enjoy easy access to Western Sydney University, Campbelltown Hospital and local schools.  This is modern apartment living at its finest combining lifestyle, luxury and location in one exceptional opportunity.  * Harcourts has made every effort to obtain the information regarding these listings from sources deemed reliable. However, we cannot warrant the complete accuracy thereof subject to errors, omissions, change of price, prior sale or withdrawal without notice.",https://www.domain.com.au/1007-8-dumaresq-street-campbelltown-nsw-2560-2020857278,y
CAM-021,Campbelltown,2560,88 Goldsmith Avenue,890000.0,2026-07-24,privateTreaty,SemiDetached,3,2,1.0,5,45.17,,0,0,"Positioned in the growing Macarthur Heights precinct, this modern middle terrace offers low-maintenance living with elevated district views and exceptional convenience. Currently leased at $680 per week, the property presents the option to purchase with vacant possession or retain the existing tenant.  Designed across three levels, the home features three generous bedrooms, two modern bathrooms, secure single car accommodation and an additional upstairs study, ideal for working from home.  The hybrid floored lower level flows through to an open plan living and dining area, creating a practical and easy-care space perfect for everyday living.  Conveniently located within walking distance to Western Sydney University and Macarthur Train Station, with easy access to the M5 Motorway, Campbelltown Hospital and Macarthur Square.  An ideal opportunity for first home buyers, families or investors looking to secure a modern home in a rapidly growing and well-connected location.  Features Include:  > Middle terrace with elevated district views > Currently leased at $680 per week > Option for vacant possession or existing tenancy > Modern tri-level design > Three spacious bedrooms > Two contemporary bathrooms > Additional upstairs study > Open plan living and dining > Hybrid flooring to the lower living area > Secure single car accommodation > Low maintenance lifestyle > Walking distance to Western Sydney University and Macarthur Station > Easy access to the M5 Motorway > Close to Campbelltown Hospital and Macarthur Square      NOTE: In preparing this, we have used reasonable endeavours to provide information that is true, however it is provided on the basis that readers will be responsible for making their own assessment of the information and are advised to verify all relevant representations, statements and information. All photographs and images are representative only, for marketing purposes.",https://www.domain.com.au/88-goldsmith-avenue-campbelltown-nsw-2560-2020876951,n
CAM-022,Campbelltown,2560,1102/8 Dumaresq Street,567000.0,2026-07-14,privateTreaty,Apartment,1,1,1.0,2,42.72,,0,0,"Perfectly positioned in ""Eight"" this generous one bedroom plus study apartment enjoys a spacious bedroom and living area flowing onto a deep balcony that's ideal for entertaining where you can enjoy uninterrupted views.  Stunning residential tower in Campbelltown's CBD 60sq metre living area apartments Large 20sq metre private balcony  Bedroom that opens onto the balcony Separate study  Luxury finishes including engineered floor boards, mirrored splashbacks and 40mm   Caesarstone benchtops SMEG appliances in the kitchen with feature tapware in the bathrooms Full ducted air conditioning Car space + storage  Access to the contemporary rooftop garden is a must and is available for all residents, with BBQ facilities, garden lounges and amazing city views. Ground floor retail and commercial precinct Walk to Campbelltown Train station, Campbelltown's CBD, Campbelltown Mall and Macarthur Square Easy access to Western Sydney University and many prominent secondary schools  At Eight Campbelltown, the city comes to you. With a sophisticated Commercial and retail precinct on the ground level, Eight Campbelltown is a coveted lifestyle destination.  ** We have, in preparing this document, used our best endeavours to ensure that the information contained herein is true and accurate to the best of our knowledge. Prospective purchasers should make their own enquiries to verify the above information.",https://www.domain.com.au/1102-8-dumaresq-street-campbelltown-nsw-2560-2020903109,n
CAM-023,Campbelltown,2560,10/1-3 Parc Guell Drive,817500.0,2026-07-29,privateTreaty,Apartment,3,2,1.0,5,44.16,,0,0,"Situated in Park Central, Campbelltown's premiere lifestyle location, this property offers the opportunity to secure a large three-bedroom apartment in a well-kept building. This is apartment living with generous proportions, oversized bedrooms, ample living and dining space, a private study and balconies off the living area and main bedroom. All enhanced by its location offering convenient/walkable access to Macarthur Square, Macarthur Train station, and all Park Central has to offer including restaurants, cafés and green spaces.   List of features: 3 bedrooms w/ built in robes Main bedroom w/ walk in robe, ensuite & private balcony Large, open living and dining space w/ high celings Well-appointed kitchen w/ stone benchtops & gas cooking Balcony off living space Downstairs toilet under staircase Separate study Upstairs sitting area Main bathroom w/ bathtub Internal laundry Ducted air conditioning w/ 3 zones Downlights throughout Single car space in secure basement Separate storage cage Total size 190m2  ** We have, in preparing this document, used our best endeavours to ensure that the information contained herein is true and accurate to the best of our knowledge. Prospective purchasers should make their own enquiries to verify the above information.",https://www.domain.com.au/10-1-3-parc-guell-drive-campbelltown-nsw-2560-2020903151,n
CAM-024,Campbelltown,2560,11/40 Parkside Crescent,540000.0,2026-07-20,privateTreaty,Apartment,1,1,1.0,2,43.87,,0,0,"Stylish 1 bedroom unit with and expansive balcony in a Prime lifestyle location  Positioned in a highly sought after location of Park Central, this 1-bedroom unit offers the perfect blend of comfort, convenience, and low maintenance living. Featuring an open plan layout that flows seamlessly onto a large northern sun filled 3.4m x 5.8m private balcony, this home is ideal for relaxing, entertaining, or simply enjoying the outdoor. Conveniently located within proximity to Campbelltown Private and Public Hospitals, within walking distance to Campbelltown Square and Macarthur Railway Station and Market Fair shopping centre.  Step outside and enjoy the tranquillity of the Duck Pond or the many vibrant coffee shops and cafes in the vicinity The unit comes with underground parking as well as a secure storage space  All care has been taken in providing accurate information in this advertisement. However, prospective purchasers are to rely on their own due diligence.",https://www.domain.com.au/11-40-parkside-crescent-campbelltown-nsw-2560-2020914940,n
CAM-025,Campbelltown,2560,2/19 Chamberlain Street,363000.0,2026-07-23,privateTreaty,Apartment,2,1,1.0,3,41.75,,0,0,"Set in a highly convenient and central pocket of Campbelltown, 2/19 Chamberlain Street is a ground-floor apartment that offers an incredible blank canvas opportunity for first-home buyers, investors, or avid renovators. Perfectly positioned within an established brick complex, this low-maintenance property blends practical proportions with endless potential to value-add and create a customized modern retreat.  The heart of the home is a spacious, open-plan family and dining area that serves as a versatile central hub. Flooded with natural light from large glass doors, this living space flows through to a separate kitchen equipped with classic timber-look cabinetry, a freestanding oven, and a highly functional layout. Whether you are looking to complete a quick cosmetic refresh or execute a full contemporary transformation, the generous footprint provides the perfect starting point.  The accommodation comprises two well-proportioned bedrooms, each designed to offer a peaceful evening retreat. The main bedroom features built-in wardrobe storage, while both rooms enjoy easy access to the central bathroom, which comes complete with a classic shower recess, vanity, and a neutral tile palette.  Stepping outside, the living area flows effortlessly via a sliding door onto a private, covered balcony. This outdoor transition offers a pleasant, elevated view over the common lawn and streetscape-an ideal spot for your morning coffee. Completing the package is an allocated carport space within the complex grounds, alongside a clever internal laundry zone positioned just off the kitchen.  Property Highlights: • Ground-Floor Convenience: Easily accessible entry within a solid, established brick complex. • Blank Canvas Potential: Open-plan living and dining area ready for your choice of modern flooring and personal styling. • Functional Kitchen: U-shaped layout featuring timber-look cabinetry, a freestanding cooktop, and great storage space. • Two Comfortable Bedrooms: Private accommodation zone with built-in storage to the master bedroom. • Central Bathroom: Practical layout featuring grey and white tiling, a glass-screen shower, and a mirrored vanity. • Private Balcony: Covered outdoor area looking out over the grassed street frontage. • Dedicated Carport: Allocated under-cover parking space located safely at the rear of the complex. • Internal Laundry: Cleverly positioned adjacent to the kitchen for day-to-day convenience.  Superbly located just moments from local amenities, public transport, and the bustling Campbelltown CBD, 2/19 Chamberlain Street, Campbelltown offers a rare and affordable entry-level opportunity for buyers looking to maximize value in a high-growth location.",https://www.domain.com.au/2-19-chamberlain-street-campbelltown-nsw-2560-2020932071,n
CAM-026,Campbelltown,2560,62/39 Chamberlain Street,523000.0,2026-07-13,privateTreaty,Apartment,1,1,1.0,2,41.72,,0,0,"This property is ideal for first-home buyers or investors, this modern apartment in the heart of Campbelltown offers the ultimate lifestyle of convenience.  - Open-plan living area with split system aircon and private balcony - Contemporary kitchen, generous bench and storage with gas cooking and dishwasher - Spacious bedroom with built in robe and ceiling fan - 2nd living room with ceiling fan - Study nook - European-style laundry for effortless living - Single secure basement parking and storage cage  - Secure building with lift access  - Campbelltown Mall and train station located within a short distance   DISCLAIMER: All information contained herein is gathered from sources we consider to be reliable. However, we cannot guarantee or give any warranty about the information provided and interested parties must solely rely on their own enquires.",https://www.domain.com.au/62-39-chamberlain-street-campbelltown-nsw-2560-2020942629,n
CAM-027,Campbelltown,2560,40 Waminda Avenue,930000.0,2026-07-22,privateTreaty,House,4,1,1.0,5,41.13,,0,0,"Beautifully renovated and ready for its next owner, this charming four-bedroom cottage offers the perfect opportunity for first home buyers, investors or anyone looking for a home with future upside.  Step inside and you'll immediately appreciate the fresh, modern feel, with quality renovations throughout, LED downlights and a functional floorplan designed for comfortable everyday living. The home also features a second toilet, adding extra convenience for families and guests.  Outside, the generous block provides excellent granny flat potential (STCA), making this an outstanding opportunity for buyers looking to add value or create a second income stream in the future.  Whether you're searching for your first home or your next investment, this is a property you can move straight into while knowing there's still room to grow.  Properties that combine move-in-ready presentation with future development potential are becoming increasingly hard to find. Don't miss your opportunity to secure this fantastic home.  Features include: > Four generous bedrooms > Recently renovated throughout > Alarm system, air conditioning > Third toilet for added convenience > LED downlights throughout > Granny flat potential (STCA) > Ready to move straight in > Ideal for first home buyers and savvy investors     NOTE: In preparing this, we have used reasonable endeavours to provide information that is true, however it is provided on the basis that readers will be responsible for making their own assessment of the information and are advised to verify all relevant representations, statements and information. All photographs and images are representative only, for marketing purposes.",https://www.domain.com.au/40-waminda-avenue-campbelltown-nsw-2560-2020977148,n
CAM-028,Campbelltown,2560,6/105 Broughton Street,575000.0,2026-07-24,privateTreaty,House,3,1,1.0,4,42.15,,0,0,"Positioned in a convenient pocket of Campbelltown, Unit 6, 105 Broughton Street presents an outstanding opportunity for first home buyers, downsizers and astute investors seeking comfort, convenience and low-maintenance living. Offering a practical floorplan with modern finishes throughout, this inviting residence delivers the perfect balance of style and functionality.  Step inside to discover a light-filled interior featuring an open plan living and dining area, complemented by contemporary flooring, tall ceilings and a neutral colour palette that creates a warm and welcoming atmosphere. Split system and Ceiling fans throughout provide year-round comfort.  Step outside to a private, low-maintenance courtyard, ideal for entertaining family and friends, enjoying your morning coffee or simply relaxing in your own peaceful outdoor space.  Ideally located just moments from Campbelltown CBD, Campbelltown Mall, Campbelltown Station, local schools, cafés, restaurants and parklands, this home provides exceptional convenience with everything you need right at your doorstep.  To ensure a seamless inspection experience, we recommend turning left onto Stewart Street off Broughton Street, then turning left onto Innes Street. Generous street parking is available nearby, with a pleasant, direct walk leading you to the property.   Key Features: • Generous bedrooms • Spacious open plan living and dining • Stylish kitchen • Tall ceilings throughout • Split system  • Ceiling fans • Private, low-maintenance courtyard • Single car port • Positioned within a well-maintained complex • Close to schools, shops, cafés, parks and public transport • Minutes to Campbelltown CBD and Campbelltown Station  *AI-generated furniture has been added to some images for illustrative purposes only. The photos are intended to show how the spaces may look when furnished.",https://www.domain.com.au/6-105-broughton-street-campbelltown-nsw-2560-2020978582,n
CAM-029,Campbelltown,2560,31 Grandview Drive,820000.0,2026-07-21,privateTreaty,House,2,1,,3,43.11,,0,0,"Opportunities like this are becoming increasingly difficult to find. Positioned in one of Campbelltown's most convenient locations, 31 Grandview Drive offers a substantial 758.8m² parcel of land packed with future potential for investors, developers, renovators, and savvy buyers looking to secure a foothold in a rapidly evolving area.  Offering spacious interiors and a practical layout, the home provides comfortable accommodation while presenting exciting possibilities for renovation, extension, or redevelopment. Whether you're looking to invest, landbank, or create your dream home, the potential here is undeniable.   Set within close proximity to Campbelltown's CBD, major shopping centres, public transport, schools, and medical facilities, the property's location is a major part of its appeal. As the Campbelltown region continues to experience significant growth and infrastructure investment, large parcels of land in established pockets are becoming increasingly valuable.  Outside, the expansive backyard and detached shed further enhance the property's appeal, providing ample space for future improvements and value-adding opportunities.  Whether you're an investor seeking strong long-term potential, a developer looking for your next project, or a buyer wanting a large block in a blue-chip Campbelltown location, this is an opportunity not to be missed.  Key Features: • Large 758.8m² parcel of land • Outstanding future potential (S.T.C.A) • Ideal for investors, developers, renovators, or landbankers • Prime location in the heart of Campbelltown • Spacious existing residence • Detached shed • Expansive backyard with room to add value • Close to Campbelltown CBD, transport, schools, and shopping centres • Positioned in a high-growth corridor with strong future upside  Location (Via Google Maps): • Approx. 4.2km to Campbelltown Train Station • Approx. 1.1km to Campbelltown Mall • Approx. 2.7km to Macarthur Square • Approx. 3.2km to Campbelltown Hospital • Approx. 1.0km to Campbelltown Public School • Close to local parks, sporting facilities, and public transport",https://www.domain.com.au/31-grandview-drive-campbelltown-nsw-2560-2020978686,n
CAM-030,Campbelltown,2560,65/18-22 Broughton Street,650000.0,2026-08-04,privateTreaty,Apartment,2,2,1.0,4,42.13,,0,0,"Total 144m2. Internal 116m2 | Balcony 12m2 | Storage 2m2 | Car 13m2  Positioned on the 4th & 5th floors is this beautifully designed 2 bedroom 'New York' loft style apartment is located in the regions premier apartment project; Phillip Square.   The lower level is generously proportioned with an open plan layout with a stunning morning sun east facing aspect. This apartment features a well-designed kitchen with additional storage and bench space complete with polyurethane joinery, stone bench tops, stainless steel appliances including gas/electric cooking and the convenience of a dishwasher. This apartment also comes with a full sized laundry with closing entry door, certainly a luxury feature and uncommon in modern apartment developments.  The large light-inviting glass plated sliding doors invite the morning sun, opening seamlessly onto the large enclosed balcony which runs the whole width of the apartment providing the perfect place for entertaining with family and friends. The lower level also includes an additional toilet. This apartment can be climate controlled with reverse cycle air conditioner to lounge room.  The second level includes two king sized enormous bedrooms. The main has a walk-in robe and the 2nd bedroom has a built in wardrobe. Generous size main bathroom finished with floor to ceiling tiling.   Security intercom and secure basement double parking with storage cage.   'Phillip Square' has been beautifully designed with a state of the art 'green wall' extending 8 floors on the front facade. Purposely designed by the project architect to create the illusion that 'Phillip Square' is two separate towers when in fact it is one u-shaped building with a light inviting atrium located behind the green wall.  'Phillip Square' is designed over 10 floors with 2 car parking basement levels. 'Phillip Square consists of 92 residential apartments plus 3 ground floor retail/commercial titles at street level with retail/commercial parking behind at street level.  The Campbelltown city skyline has been transformed by 'Phillip Square' and has become Macarthur's most iconic and bold residential high-rise building.  Centrally located within a 5 minute walk to the station, CBD, Campbelltown shopping mall and local schools. With public transport at the end of the street, only a short 5 minute drive to Macarthur Square, both public and private hospitals and the university, this apartment offers it all. Access to all major motorways, the M5, M7 & Hume Highway is only minutes away by car!  * Harcourts has made every effort to obtain the information regarding these listings from sources deemed reliable. However, we cannot warrant the complete accuracy thereof subject to errors, omissions, change of price, prior sale or withdrawal without notice.",https://www.domain.com.au/65-18-22-broughton-street-campbelltown-nsw-2560-2020980284,n
CAM-031,Campbelltown,2560,34/12-20 Tyler Street,715000.0,2026-08-04,privateTreaty,Apartment,3,2,2.0,5,41.57,,0,0,"Offering the perfect blend of modern comfort and effortless apartment living, this beautifully appointed 3-bedroom residence presents a rare opportunity for first-home buyers, growing families, and astute investors alike. Boasting an expansive layout tailored for contemporary lifestyles, it delivers style, security, and absolute convenience.  Property Features: - 3 generous bedrooms, providing plenty of space for the whole family or home office needs. - 2 sleek, contemporary bathrooms designed for comfort and ease. - Includes 2 car spaces, offering rare and highly sought-after parking convenience in this location. - Situated in a vibrant part of Campbelltown, you are just moments away from local amenities, transport, shops, and dining.  Location Highlights - Just a short walk or quick drive to Campbelltown Train Station for effortless travel. - Moments away from the buzzing Campbelltown CBD, Campbelltown Mall, and local vibrant dining hubs. - Centrally located within easy reach of Campbelltown North Public School, Campbelltown Performing Arts High School, local daycares, and elite schooling options.",https://www.domain.com.au/34-12-20-tyler-street-campbelltown-nsw-2560-2021003766,n
CAM-032,Campbelltown,2560,309/38-42 Chamberlain Street,570000.0,2026-08-07,privateTreaty,Apartment,2,2,1.0,4,41.66,,0,0,"Discover the epitome of contemporary elegance and comfort at this exquisite luxury apartment, nestled in the heart of Campbelltown. This stunning residence offers a spacious and meticulously designed two-bedroom floor plan that redefines modern living. With every detail carefully crafted to perfection, this apartment is an unparalleled opportunity to experience the finest in urban luxury.  Step into a realm of refined living as you explore the expansive living space of this lavish apartment. The master bedroom boasts an ensuite, offering you the ultimate privacy and convenience. Both bedrooms are adorned with built-in wardrobes, providing ample storage and adding to the overall elegance of the space. With attention to detail at every turn, this home exudes a sense of tranquility and luxury.  Entertain guests in style with the elegant formal living and dining areas, complete with reverse-cycle air conditioning for your utmost comfort. Host gatherings, enjoy intimate dinners, or simply unwind in a space designed to cater to your every need. Indulge your culinary passions in the modern kitchen, equipped with quality gas cooking, a dishwasher, and an abundance of cupboard space. The double sink and breakfast bar enhance the functionality and aesthetics of this gourmet haven, making every meal preparation a delight.  The internal laundry, complete with a dryer, exemplifies the marriage of convenience and sophistication. A modern bathroom continues the theme of luxury, offering a space of comfort and elegance.  Step out onto the expansive balcony and relish in the serene views that surround you. The spacious balcony seamlessly extends the living area, providing the perfect space for alfresco dining, relaxation, or simply soaking in the ambiance of the bustling neighbourhood.  The apartment comes complete with a single lock-up security parking space, ensuring your peace of mind. A dedicated storage cage adds to the practicality of the space, allowing you to keep your belongings organised and easily accessible.  With a total area of 118m², including a 101m² internal space, 17m² parking space, and storage cage, this luxury apartment presents an abundance of space for both living and storage. Positioned within a secure complex at Campbelltown central, this apartment offers unrivaled convenience. It's ideally located just 1.3km (approx) away from Campbelltown Train Station and 1.4km (approx) from the Campbelltown Shopping Mall, granting you effortless access to an array of shopping, dining and entertainment options.  Features Include:   - Spacious and meticulously designed two-bedroom luxury apartment - Master bedroom with ensuite and built-in wardrobes in both bedrooms - Elegant formal living and dining rooms with r/c air conditioning - Modern kitchen with quality gas cooking, dishwasher and ample cupboard space - Double sink and breakfast bar for added functionality and aesthetics - Internal laundry with dryer for convenience - Modern bathroom designed for comfort and luxury - Expansive balcony seamlessly extending the living area - Single lock-up security parking space with storage cage - Generous floor plan: 101m² internal, 17m² parking and storage cage  (Total 118m²) - Secure complex in Campbelltown central - Only 1.3km (approx) to Campbelltown Train Station & 1.4km (approx) to Campbelltown Shopping Mall.  * Harcourts has made every effort to obtain the information regarding these listings from sources deemed reliable. However, we cannot warrant the complete accuracy thereof subject to errors, omissions, change of price, prior sale or withdrawal without notice.",https://www.domain.com.au/309-38-42-chamberlain-street-campbelltown-nsw-2560-2021015477,n
CAM-033,Campbelltown,2560,31/2-10 Tyler Street,700000.0,2026-06-18,privateTreaty,Apartment,3,2,2.0,5,41.58,,0,0,"Total: 159m2 | Internal: 104m2 | Balcony: 25m2 | Carspace & Storage: 30m2  Positioned on the first floor of the highly sought after ""Collins"" development, this beautifully presented three bedroom apartment offers an exceptional combination of space, comfort and lifestyle, all enhanced by a desirable south west aspect and impressive indoor / outdoor areas.  Designed for modern living, the apartment features a generous open plan including the lounge and dining area filled with natural light and complemented by split system air conditioning, creating a comfortable space to relax or entertain.   The contemporary kitchen is a true centrepiece, showcasing a large island bench, quality stainless steel appliances, ample cabinetry and sleek finishes, perfect for everyday living or hosting guests. A thoughtfully included study nook provides an ideal work from home space or is ideal for the kids.  Accommodation is well planned, with all bedrooms offering comfort and privacy. The master bedroom is a standout, complete with a stylish ensuite bathroom and a dedicated parents' retreat, creating a peaceful sanctuary away from the main living areas. The remaining bedrooms are generously sized and serviced by a modern central bathroom.  One of the apartment's most impressive features is the huge outdoor alfresco areas, extending the living space and providing an ideal setting for entertaining, outdoor dining or simply enjoying the fresh air in a private and relaxed environment.  Additional highlights include double car accommodation, secure storage, quality finishes throughout and the peace of mind that comes with living in a well maintained, tightly held complex.   Ideally located within easy walking distance to the train station, schools, local shops and the CBD, this outstanding apartment delivers a superb lifestyle opportunity for owner occupiers and investors alike.  * Harcourts has made every effort to obtain the information regarding these listings from sources deemed reliable. However, we cannot warrant the complete accuracy thereof subject to errors, omissions, change of price, prior sale or withdrawal without notice.",https://www.domain.com.au/31-2-10-tyler-street-campbelltown-nsw-2560-2020537771,n
CAM-034,Campbelltown,2560,11 Manning Street,1020000.0,2026-06-19,privateTreaty,House,4,2,4.0,6,42.17,,0,0,"There's something about this home, the light, the flow, the way it opens up to the pool, that just feels different. Fully renovated and designed for easy, feel-good living, it's the kind of place you look forward to coming home to and never really want to leave.  Your features include:   Completely renovated throughout, all the hard work done, just move in and enjoy  Sleek polished porcelain tiles + downlights, clean, modern, effortless style  Oversized windows everywhere, sun-soaked interiors and calming leafy views  Ducted A/C, comfort sorted, no matter the season  Wide grassed frontage, room to breathe, play, or just enjoy the outlook  Undercover tiled veranda, slow mornings, late evenings, your new routine  Statement entry with oversized decorative door & open foyer, a proper welcome home  Expansive open-plan living & dining, made for both quiet nights and full houses  Renovated kitchen with soft-close cabinetry & breakfast bench, where everyone ends up anyway  Bosch dishwasher + quality appliances, practical, but still polished  Kitchen overlooks pool & entertaining zone, keep an eye on the fun without missing out  Master suite that actually feels like a retreat, walk-in robe, ensuite, leafy outlook  Bedrooms 2 & 3 with built-ins, drawers & ceiling fans, no compromises on storage  Generous 4th bedroom, guest room, office, or whatever life needs next  Main bathroom done right, floor-to-ceiling tiles, deep bath, oversized shower  Ensuite with gorgeous finishes, clean, modern, a little bit luxe  Huge saltwater pool, long summers, weekend BBQs, and ""just one more swim""  Massive undercover entertaining area with ceiling fan & blockout blinds, rain, sun, doesn't matter  Private backyard with wide side access, space, flexibility, freedom  Renovated external laundry with extra toilet, practical touches where they count  4 car spaces including carport, plenty of room for everyone  It's not just how it looks, it's how it feels. Relaxed, inviting, and just a little bit indulgent exactly how home should be.",https://www.domain.com.au/11-manning-street-campbelltown-nsw-2560-2020767367,n
CAM-035,Campbelltown,2560,157/3-17 Queen Street,415000.0,2026-07-04,privateTreaty,Apartment,1,1,1.0,2,41.65,,0,0,"Perfectly suited to first home buyers, downsizers or savvy investors, this neat and tidy one-bedroom apartment offers a comfortable and low-maintenance lifestyle in a highly convenient location. Well maintained and thoughtfully designed, the home combines modern finishes with practical living.  Step inside to a well-sized layout featuring a light-filled living and dining area that flows seamlessly onto a private balcony, ideal for relaxing or enjoying your morning coffee. The kitchen is modern and functional, complete with a dishwasher and ample storage, while the internal laundry adds everyday convenience.  The generously sized bedroom includes a built-in robe and is serviced by a neat, well-kept bathroom. With the added bonus of a secure car space, this apartment ticks all the right boxes for easy living.  Positioned in a prime pocket of Campbelltown, this apartment is just moments from local shops, cafes, public transport including Campbelltown train station, and a range of schools and amenities, making it an ideal blend of lifestyle and convenience.  Strata: $761 P/Q Potential Rental Amount: $480 P/W Approx.   Features:  > One well-sized bedroom with built-in robe > Light-filled living and dining area with balcony access > Modern kitchen with dishwasher > Neat and tidy bathroom > Internal laundry > Private balcony > Secure car space > Well-maintained complex     NOTE: In preparing this, we have used reasonable endeavours to provide information that is true, however it is provided on the basis that readers will be responsible for making their own assessment of the information and are advised to verify all relevant representations, statements and information. All photographs and images are representative only, for marketing purposes.",https://www.domain.com.au/157-3-17-queen-street-campbelltown-nsw-2560-2020813074,n
